tracking_number,tracking_status,actual_delivery_date,actual_delivery_time
581-6200,Delivered,2023-06-24,12:45:44
004-1482,Delivered,2023-11-22,08:18:48
064-9023,In process,NA,NA
657-4120,Delivered,2024-02-01,07:43:05
983-4613,Delivered,2023-08-12,11:01:41
208-3490,Delivered,2023-08-28,07:25:23
172-2052,Delivered,2023-09-17,09:13:08
113-3978,Delivered,2023-10-04,07:58:47
172-9056,Delivered,2023-06-07,14:39:08
897-2385,Delivered,2023-11-02,09:09:47
719-5004,Delivered,2023-12-30,09:13:33
587-5127,Delivered,2023-09-18,07:25:38
019-0043,Delivered,2023-08-18,07:34:50
780-5473,Delivered,2023-09-01,13:34:39
830-2529,Delivered,2023-07-20,09:45:07
493-1085,Delivered,2023-12-15,07:31:00
981-5970,Delivered,2023-07-26,11:41:24
321-9847,Delivered,2023-09-05,15:17:55
269-0200,Delivered,2023-07-21,11:58:16
650-9530,Delivered,2023-09-16,16:12:49
974-2849,Delivered,2023-10-13,12:07:20
817-6468,Delivered,2023-11-16,13:46:56
500-7996,Delivered,2023-06-23,09:40:29
490-6323,Delivered,2023-12-25,07:40:31
249-1390,Delivered,2023-09-26,13:54:49
135-0278,Delivered,2023-08-21,14:22:49
737-1492,Delivered,2023-12-01,11:06:10
189-4916,Delivered,2024-02-06,12:05:03
730-9927,Delivered,2023-08-26,11:56:19
666-9412,Delivered,2023-09-11,08:46:00
317-2623,Delivered,2023-11-03,07:16:06
687-4406,Delivered,2023-08-03,16:27:44
225-6889,Delivered,2023-08-31,09:14:59
690-6456,Delivered,2023-12-22,14:24:56
614-9042,Delivered,2023-06-09,09:50:18
980-6544,Delivered,2024-02-20,10:52:43
990-0217,Dispatch,NA,NA
914-6984,Delivered,2023-07-05,08:01:29
056-2374,Delivered,2024-01-21,07:47:46
425-0566,Delivered,2023-10-02,12:02:31
809-2652,Delivered,2023-12-10,12:51:36
526-6218,Delivered,2023-08-18,16:01:32
288-4276,Delivered,2023-06-15,10:57:30
084-8071,Delivered,2023-07-21,11:34:12
300-0288,Delivered,2023-10-05,10:33:30
647-5776,Out For Delivery,NA,NA
337-7512,Dispatch,NA,NA
172-5325,Delivered,2024-01-09,09:23:13
049-7350,Delivered,2023-10-06,11:29:09
563-0809,Delivered,2023-10-04,07:23:45
071-3189,Delivered,2023-10-18,09:07:50
912-0351,Delivered,2024-01-25,14:11:46
778-3217,Delivered,2024-02-22,07:33:33
476-0913,Delivered,2023-12-28,10:26:34
180-6166,Delivered,2024-03-20,15:09:29
201-8509,Delivered,2023-07-04,13:04:28
415-8316,Delivered,2024-01-04,15:34:28
257-5947,Delivered,2023-09-20,13:46:12
870-6232,Delivered,2023-10-11,16:32:30
533-6275,Delivered,2024-01-28,16:12:23
998-7355,Delivered,2023-07-05,13:49:29
002-4909,Delivered,2023-10-13,09:41:19
361-4462,Delivered,2024-01-12,10:38:25
703-6844,In process,NA,NA
937-3160,Delivered,2023-08-09,11:49:12
402-0686,Delivered,2023-08-30,14:45:10
269-9057,Delivered,2023-09-28,07:27:46
215-7031,Delivered,2023-10-16,10:18:15
348-1340,Delivered,2024-01-10,12:18:23
409-3993,Delivered,2023-08-13,13:33:28
918-0426,Delivered,2023-08-15,14:35:24
037-5562,Delivered,2023-07-12,11:21:45
713-2252,Delivered,2023-12-16,12:24:48
523-2931,Delivered,2024-03-29,13:47:49
431-5578,Delivered,2024-01-08,15:32:48
677-3857,Delivered,2023-10-23,14:46:57
146-4322,Delivered,2024-01-21,14:51:03
478-6325,Delivered,2023-12-16,10:07:10
893-9794,Delivered,2023-09-28,14:02:16
494-1960,Delivered,2023-10-09,13:06:14
248-2284,Out For Delivery,NA,NA
337-7498,Delivered,2023-11-25,08:15:13
438-1081,Delivered,2023-10-22,11:46:53
484-4811,Delivered,2023-09-26,10:59:49
399-4142,Delivered,2023-07-23,16:29:48
939-6695,Delivered,2024-01-17,11:35:31
467-7806,Delivered,2023-07-25,07:54:23
411-3581,Delivered,2023-07-02,07:41:08
380-9999,Delivered,2023-12-07,16:07:11
511-8371,Delivered,2023-10-22,07:58:43
547-9516,Delivered,2023-09-27,09:25:22
732-9855,Delivered,2023-09-26,12:54:03
535-5866,Delivered,2023-10-28,07:27:26
653-6323,Delivered,2024-01-04,13:20:05
289-8856,Delivered,2024-02-19,15:08:22
626-2864,Delivered,2023-12-21,08:37:53
931-9472,Delivered,2024-02-22,13:47:33
269-7911,Delivered,2023-06-18,09:01:05
123-2676,Delivered,2023-09-03,12:21:14
484-4536,Out For Delivery,NA,NA
409-5757,Delivered,2023-10-22,10:27:23
622-6855,Dispatch,NA,NA
673-0593,Delivered,2023-12-17,08:59:36
104-1609,Delivered,2023-07-08,13:26:48
063-4908,Delivered,2024-03-02,16:53:30
020-9431,Delivered,2024-01-20,08:16:15
685-1682,Delivered,2023-11-03,12:36:57
879-1284,Delivered,2023-09-24,10:08:38
545-5529,Delivered,2024-01-23,15:06:05
996-4693,Delivered,2024-01-20,12:52:41
762-0563,Delivered,2023-12-20,09:03:21
343-6439,Delivered,2023-09-28,14:59:02
413-5624,Delivered,2023-08-30,13:48:05
453-3452,Out For Delivery,NA,NA
087-4882,Delivered,2024-01-28,14:00:45
214-3773,Out For Delivery,NA,NA
556-3124,In process,NA,NA
827-1826,Delivered,2023-08-16,12:38:00
213-1393,Delivered,2023-12-12,14:28:18
980-9087,Delivered,2023-09-10,12:39:22
250-0328,Delivered,2024-03-02,11:01:47
033-0030,Delivered,2023-09-03,13:24:10
399-5860,In process,NA,NA
228-3742,Dispatch,NA,NA
543-7121,Delivered,2024-02-04,08:09:33
540-2154,Delivered,2023-12-21,13:54:13
024-4295,Delivered,2024-03-08,09:10:55
615-7347,Delivered,2023-11-17,07:49:45
047-6987,Delivered,2023-07-12,09:57:52
677-8729,Delivered,2023-07-20,14:58:14
441-4417,Delivered,2024-01-22,12:41:06
492-0938,Delivered,2023-10-19,08:12:29
720-0619,Delivered,2024-02-16,16:11:22
107-7116,Delivered,2023-10-06,13:02:00
025-3448,Delivered,2023-07-22,13:20:32
910-0435,Delivered,2023-08-28,12:14:01
321-1948,Delivered,2023-11-26,10:11:30
897-4466,Delivered,2023-10-13,14:51:55
864-5180,Delivered,2023-10-06,14:58:53
875-1246,Delivered,2023-11-01,12:16:00
310-6779,Delivered,2024-01-04,14:44:54
384-0801,In process,NA,NA
320-6780,Delivered,2023-07-30,15:08:08
375-2903,Delivered,2023-11-10,08:44:41
934-1473,Out For Delivery,NA,NA
885-4484,Delivered,2024-02-02,11:57:31
425-1949,Delivered,2023-10-11,13:10:23
622-1907,Delivered,2023-12-20,07:54:02
695-7799,Delivered,2023-11-25,16:43:17
782-2815,Delivered,2023-08-02,08:10:29
658-8691,Delivered,2023-11-03,10:20:01
706-1911,Delivered,2024-01-19,12:31:49
470-7248,Delivered,2023-11-16,13:09:06
908-3440,Delivered,2023-06-16,08:54:42
273-5946,Delivered,2024-01-02,13:30:22
940-0362,Delivered,2023-11-25,09:57:25
126-6995,Delivered,2023-06-10,13:01:36
353-8535,Delivered,2023-11-27,14:31:32
642-4830,In process,NA,NA
579-2501,Delivered,2023-07-18,11:05:21
196-3050,Delivered,2023-08-24,15:06:05
234-2955,Delivered,2023-06-27,12:23:16
011-5315,Delivered,2023-09-23,15:10:37
919-3941,Delivered,2023-09-04,16:15:18
386-0660,Delivered,2024-02-03,10:25:47
441-0822,Delivered,2023-07-26,16:10:29
579-4683,Delivered,2023-06-12,08:26:00
550-6983,Delivered,2023-11-22,10:34:12
091-9152,Delivered,2023-07-19,09:25:39
680-4673,Delivered,2023-06-13,14:21:00
342-7529,Delivered,2024-02-05,15:09:11
610-9028,Delivered,2024-01-24,15:59:24
638-2804,Delivered,2023-06-12,09:32:56
095-8097,Delivered,2024-01-18,07:05:31
951-3939,In process,NA,NA
432-8807,In process,NA,NA
106-1673,Delivered,2023-06-11,15:29:33
494-2036,Delivered,2023-09-20,15:58:09
433-9347,Delivered,2024-01-21,13:12:33
148-8497,Delivered,2024-02-04,13:42:12
990-0097,Delivered,2023-11-11,16:32:16
782-5716,Delivered,2023-07-06,10:04:01
348-7205,Delivered,2023-10-13,13:21:18
003-9415,Delivered,2023-07-30,16:00:57
105-8809,Delivered,2023-06-21,13:04:02
772-6230,Delivered,2023-08-25,07:19:58
713-4005,Delivered,2023-08-19,11:39:28
552-2167,Delivered,2023-12-03,07:24:06
150-4825,Delivered,2023-12-02,10:26:16
413-2794,Delivered,2023-10-06,11:02:30
354-8547,Delivered,2023-10-08,07:10:05
670-7327,Delivered,2024-02-26,13:08:35
337-8434,In process,NA,NA
122-9995,Delivered,2023-08-13,16:02:02
837-9002,Delivered,2024-02-13,12:49:08
686-0328,Delivered,2023-12-05,16:26:25
552-2229,Delivered,2023-10-01,12:48:25
391-9097,Delivered,2023-08-24,11:13:29
835-6287,Delivered,2023-11-01,10:01:03
504-4485,Delivered,2023-08-10,11:36:25
690-2066,Delivered,2023-09-27,14:24:35
389-3527,Delivered,2023-06-12,10:35:39
230-6296,Delivered,2023-07-27,10:41:18
740-5492,Delivered,2023-06-27,10:01:00
093-8513,Delivered,2023-09-23,15:52:40
206-1672,Delivered,2023-10-29,14:14:52
525-3920,Delivered,2023-09-07,14:32:46
357-6469,Delivered,2023-07-12,09:10:32
089-6361,Delivered,2023-10-03,08:16:15
501-5163,Delivered,2023-11-18,11:46:09
884-2258,Out For Delivery,NA,NA
824-3386,Delivered,2023-10-02,09:26:37
771-3143,Delivered,2023-12-27,08:46:44
943-4452,Delivered,2023-09-07,12:25:58
382-3098,Delivered,2024-02-27,16:00:46
900-9194,Delivered,2024-02-15,13:17:04
132-6049,Delivered,2023-09-01,13:08:39
411-8358,Delivered,2023-09-03,12:18:35
087-8679,Delivered,2023-09-08,14:30:45
593-2149,Delivered,2023-10-06,11:06:40
060-4681,Delivered,2023-09-25,09:39:13
670-9709,Out For Delivery,NA,NA
820-5093,Delivered,2023-08-06,09:22:02
902-6803,Delivered,2023-09-17,09:20:14
203-4808,Delivered,2023-07-24,16:47:40
502-0188,Delivered,2023-06-13,12:11:07
556-5679,Delivered,2023-06-22,09:41:39
879-6263,Delivered,2023-09-06,07:50:14
195-0697,Delivered,2023-09-13,10:02:01
901-4291,Delivered,2023-06-18,11:16:22
657-2062,Delivered,2023-12-30,15:41:59
925-5522,Delivered,2024-03-20,07:06:06
924-3960,Delivered,2024-02-17,13:55:21
907-2185,Delivered,2023-08-04,08:57:40
863-2256,Delivered,2023-11-12,12:30:18
924-6765,Delivered,2023-08-01,16:13:28
889-4164,Delivered,2024-03-31,13:24:12
943-0164,Delivered,2024-02-20,07:42:29
984-7082,Delivered,2024-03-31,07:24:03
529-0236,Delivered,2024-02-16,09:50:21
763-0542,Delivered,2024-01-31,07:47:43
421-0078,Delivered,2023-12-28,07:23:01
616-6139,Out For Delivery,NA,NA
395-4232,Delivered,2023-12-22,11:09:31
454-2329,Delivered,2023-10-12,10:00:54
627-7235,Delivered,2024-04-03,07:09:16
659-0725,Delivered,2024-01-01,11:37:40
507-3093,Delivered,2023-07-06,09:26:51
568-0049,Delivered,2024-02-09,07:21:38
816-3587,Delivered,2023-10-30,07:25:00
109-9269,Delivered,2023-08-28,07:01:44
790-6903,Delivered,2024-04-02,16:14:51
181-5148,Delivered,2024-02-21,09:16:23
840-0332,Delivered,2023-09-30,14:57:48
960-4692,Delivered,2023-09-13,10:25:17
829-8485,Delivered,2023-11-07,14:06:03
678-3018,Delivered,2023-06-13,15:35:05
537-3390,Dispatch,NA,NA
949-9435,Delivered,2023-07-10,14:24:01
845-5109,Delivered,2023-08-16,14:15:34
919-1477,Delivered,2024-01-04,14:54:43
639-8793,Delivered,2023-06-10,14:22:20
495-5636,Delivered,2023-06-22,15:59:44
927-1119,Delivered,2024-01-08,15:10:27
655-0918,Delivered,2023-07-01,14:41:40
822-1594,Delivered,2023-08-18,15:07:37
887-3083,Delivered,2023-09-25,11:14:24
254-8318,Delivered,2023-11-24,12:10:58
294-4999,Delivered,2023-08-18,09:36:50
489-3029,Delivered,2024-02-16,13:54:15
564-3621,Delivered,2023-09-23,12:46:24
151-6142,Delivered,2023-11-16,10:24:43
224-0260,Delivered,2023-08-08,11:24:39
987-1160,Delivered,2024-01-05,08:47:49
837-6603,Delivered,2023-11-21,13:22:17
905-4962,Delivered,2023-09-12,11:31:59
459-9612,Delivered,2023-11-25,12:07:26
240-9574,Delivered,2023-06-24,11:08:37
426-2100,Delivered,2023-10-01,10:22:54
730-2147,Delivered,2023-09-01,07:16:59
847-5922,Delivered,2024-02-01,10:44:29
123-7153,Delivered,2023-07-08,07:18:29
600-5049,Delivered,2024-02-06,14:38:09
894-7180,Delivered,2023-10-23,14:53:34
143-1853,Delivered,2023-11-04,12:20:37
764-0431,Delivered,2023-07-27,07:20:39
643-6484,Delivered,2023-10-27,16:29:18
830-3435,Delivered,2023-08-03,08:49:21
743-7634,Delivered,2023-10-18,14:50:17
894-0706,Delivered,2023-06-09,08:18:36
062-4764,Delivered,2023-07-09,10:00:25
949-5233,Delivered,2023-09-27,11:04:39
613-8781,Delivered,2024-01-30,12:43:20
876-6937,Delivered,2024-02-17,08:33:08
895-0427,Delivered,2023-08-10,11:39:56
208-0452,Delivered,2024-01-13,07:11:38
111-5910,Delivered,2023-11-16,09:29:29
144-3048,Delivered,2023-12-26,14:05:38
670-8593,Delivered,2023-10-26,11:54:50
403-1970,Delivered,2023-09-29,12:04:34
711-6616,Delivered,2023-07-02,08:15:16
766-4614,Delivered,2023-08-18,10:11:31
624-8826,Delivered,2024-03-25,14:49:34
351-9149,Delivered,2023-06-02,14:14:16
581-8666,Delivered,2024-01-30,10:54:54
654-1497,Delivered,2024-01-10,08:43:32
657-6378,Delivered,2023-08-11,10:47:00
669-2511,In process,NA,NA
965-2078,Delivered,2023-10-04,14:27:05
705-6860,Dispatch,NA,NA
325-2091,Delivered,2023-07-17,14:14:19
490-0143,Delivered,2024-01-16,13:42:14
744-6450,Delivered,2023-11-26,12:02:22
745-7301,Delivered,2023-10-23,12:23:04
427-3046,Delivered,2023-12-25,11:06:50
266-8912,Delivered,2023-12-20,13:39:50
829-1786,Delivered,2023-12-14,07:56:11
590-2985,Delivered,2023-10-23,08:48:09
402-9020,Delivered,2023-07-18,11:33:54
786-5682,Delivered,2023-10-20,08:15:13
494-9525,Delivered,2023-08-24,10:55:46
028-2616,Delivered,2024-01-30,14:11:28
514-5864,Delivered,2023-07-05,16:08:08
765-9860,Delivered,2024-01-19,09:09:01
682-3969,Delivered,2024-02-22,09:09:26
399-4305,Delivered,2023-11-02,11:46:10
855-8049,Delivered,2023-07-07,10:42:16
793-7330,Delivered,2024-02-14,11:06:41
658-1217,Delivered,2023-09-23,09:57:57
273-6930,Out For Delivery,NA,NA
645-1116,Dispatch,NA,NA
300-3443,Delivered,2023-11-26,13:47:34
898-8404,Delivered,2023-08-17,13:52:42
256-1122,Delivered,2023-11-13,08:35:51
211-8493,Delivered,2023-06-17,16:59:38
595-6186,Delivered,2023-10-29,09:05:36
450-1670,Delivered,2023-11-02,09:21:47
555-9184,Delivered,2023-10-25,15:46:32
259-5674,In process,NA,NA
022-0246,Delivered,2023-08-03,16:16:41
210-1097,Delivered,2023-12-28,10:10:34
299-8186,Delivered,2023-08-05,09:43:40
684-4711,Delivered,2023-10-08,11:18:41
841-5435,Delivered,2023-07-03,15:20:25
985-2915,Delivered,2024-02-17,11:15:02
921-8399,Delivered,2024-03-12,09:03:31
341-7261,Delivered,2023-07-31,09:00:51
699-4702,Delivered,2023-10-29,14:34:18
746-6214,Delivered,2023-09-08,08:47:51
048-0952,Delivered,2023-10-31,09:56:59
705-6835,In process,NA,NA
473-1047,Delivered,2023-11-17,07:00:21
574-2081,Delivered,2023-08-05,12:44:42
335-9210,Delivered,2023-10-13,13:35:30
855-2565,Delivered,2024-01-13,08:38:36
788-1922,Delivered,2023-10-04,16:13:13
065-5836,Dispatch,NA,NA
929-9740,Delivered,2023-06-19,11:11:06
631-5553,Delivered,2024-01-17,13:06:01
542-6561,Delivered,2023-07-23,12:21:43
487-9537,Delivered,2024-01-21,15:43:33
367-6846,Delivered,2023-12-06,12:58:38
812-5021,Delivered,2023-06-22,11:33:54
061-8764,In process,NA,NA
506-8419,Delivered,2023-09-18,09:08:34
535-9855,Delivered,2024-01-31,11:46:19
339-5729,Dispatch,NA,NA
375-7973,Delivered,2023-12-11,09:41:16
364-6370,Delivered,2023-12-28,07:46:10
703-2553,Delivered,2023-10-02,12:01:40
729-7671,Delivered,2023-08-20,15:27:16
294-1426,Delivered,2023-09-05,08:31:02
912-5594,Delivered,2023-11-07,10:51:51
522-1476,Delivered,2023-09-28,14:56:15
603-9412,Delivered,2023-07-06,14:02:04
589-4424,Delivered,2023-12-14,07:02:45
396-5639,Delivered,2023-07-13,14:14:46
063-5912,Delivered,2023-12-28,12:02:44
458-9708,Delivered,2024-01-04,12:09:01
629-2353,Delivered,2024-01-13,13:49:30
627-7018,Delivered,2024-02-15,11:58:11
604-0846,Delivered,2023-07-17,10:24:17
476-0703,Delivered,2023-08-14,10:09:06
368-2950,Delivered,2024-01-16,15:54:43
463-5292,Delivered,2023-07-11,10:09:54
775-7388,Delivered,2023-08-28,15:13:26
661-4541,Delivered,2023-12-06,08:54:54
360-5813,Delivered,2023-11-05,13:48:50
467-9764,Delivered,2023-09-20,14:30:44
732-7612,Delivered,2023-12-27,14:05:26
444-0863,Delivered,2023-11-18,16:07:40
059-9864,Delivered,2023-10-25,10:47:50
429-0997,Delivered,2024-02-12,13:32:47
098-6114,Delivered,2024-01-25,09:28:48
912-4668,Delivered,2023-11-13,15:45:30
134-9189,Delivered,2023-11-17,09:52:31
627-5228,Delivered,2023-06-23,13:52:27
965-1872,Delivered,2023-11-22,08:06:20
500-7841,Delivered,2023-12-05,07:05:48
046-8818,Delivered,2023-10-22,13:17:54
587-8400,Delivered,2023-07-03,08:09:53
720-3655,Delivered,2023-08-16,15:28:53
776-0899,Delivered,2023-09-11,15:48:37
888-9361,Delivered,2024-02-26,10:33:34
934-1123,Delivered,2023-07-19,10:17:14
203-4582,Delivered,2023-11-12,09:22:24
477-7370,Delivered,2024-01-27,12:20:10
291-6656,Delivered,2023-12-20,10:10:06
760-3774,Delivered,2023-11-21,16:09:59
825-6939,Delivered,2023-09-12,12:10:36
644-7133,Delivered,2023-10-08,10:51:17
084-4120,Delivered,2024-01-06,12:51:26
351-6890,Delivered,2023-12-15,16:45:31
456-1812,Delivered,2023-08-20,10:19:54
323-7602,Delivered,2024-02-06,16:10:25
028-6470,Delivered,2024-01-18,14:49:40
126-1653,Delivered,2023-10-24,07:11:58
678-8567,Delivered,2023-08-10,14:45:41
714-6518,Delivered,2023-06-28,07:11:47
289-4572,Delivered,2023-08-01,15:40:59
364-5354,Delivered,2023-12-22,15:20:31
472-6490,Delivered,2023-11-04,14:11:17
986-1246,Out For Delivery,NA,NA
136-2027,Delivered,2023-09-05,10:25:51
750-1114,Dispatch,NA,NA
199-1018,Delivered,2023-09-26,11:29:56
447-0685,Delivered,2023-12-04,12:44:09
048-9134,Delivered,2023-07-28,09:33:12
539-1475,Delivered,2024-01-01,15:45:31
381-0303,Delivered,2023-11-17,14:10:22
454-7257,Delivered,2023-09-06,08:50:19
054-0497,Delivered,2023-11-23,12:10:09
246-3227,Dispatch,NA,NA
136-5728,Dispatch,NA,NA
308-4410,Delivered,2024-03-16,07:21:01
447-3156,Delivered,2023-10-11,09:30:24
354-7473,Delivered,2023-11-03,15:48:26
858-7930,Delivered,2023-08-29,10:04:48
333-4304,Delivered,2023-08-15,14:59:32
885-9694,Delivered,2024-03-11,12:56:46
185-1849,Delivered,2024-02-25,12:11:13
658-2664,Delivered,2023-07-03,08:16:14
667-0664,Delivered,2023-07-21,09:47:49
456-9831,Delivered,2024-02-04,09:19:00
803-6285,Delivered,2023-06-17,08:58:19
653-1579,Delivered,2024-03-22,08:32:47
474-4376,Delivered,2023-11-13,09:58:04
715-5776,Delivered,2023-12-26,11:07:00
080-4844,Delivered,2024-02-06,13:18:04
062-7264,Delivered,2023-06-26,07:32:15
856-6018,Delivered,2023-08-15,16:44:42
966-8068,Delivered,2023-07-03,08:48:21
585-4554,Delivered,2023-09-05,16:22:27
149-7087,Delivered,2023-06-30,07:28:54
511-5422,In process,NA,NA
970-3900,Delivered,2023-12-15,15:55:57
241-9611,Delivered,2024-02-12,10:35:49
786-8364,Delivered,2023-07-23,08:38:43
824-4780,Delivered,2023-08-11,10:54:35
561-1602,Delivered,2023-08-29,13:55:47
234-5725,Delivered,2023-07-30,16:05:54
125-7755,Dispatch,NA,NA
985-3471,Delivered,2024-02-24,09:49:44
904-8092,Delivered,2023-06-10,11:58:46
160-5243,Dispatch,NA,NA
133-7684,Out For Delivery,NA,NA
121-8903,Delivered,2024-02-12,07:20:30
248-8793,Delivered,2023-10-27,15:31:53
770-7769,Dispatch,NA,NA
810-3614,Delivered,2023-09-21,13:29:48
341-9691,Delivered,2023-11-17,12:06:55
324-9354,Delivered,2023-11-23,09:50:12
631-1410,Delivered,2023-08-03,13:54:31
688-3725,Delivered,2023-08-17,15:02:49
302-5345,Out For Delivery,NA,NA
704-7672,Delivered,2024-01-12,09:24:28
911-5828,Delivered,2024-01-09,09:18:41
797-3083,Delivered,2023-07-10,11:48:57
293-6671,Delivered,2023-12-12,15:49:20
306-9501,Delivered,2024-02-23,13:00:35
311-8691,In process,NA,NA
024-8500,Delivered,2023-09-05,14:34:08
993-9143,Delivered,2023-11-04,09:45:12
650-1752,Delivered,2023-12-09,14:35:50
496-6470,Delivered,2024-01-21,13:38:15
729-3640,Delivered,2023-12-08,07:41:05
673-5710,Dispatch,NA,NA
814-7155,Dispatch,NA,NA
366-8482,Delivered,2023-06-07,08:57:58
904-5411,Delivered,2023-09-08,11:48:30
757-3866,Out For Delivery,NA,NA
489-0464,Delivered,2023-09-09,08:33:54
533-4695,Delivered,2023-10-22,14:07:04
289-4851,Delivered,2024-01-30,07:04:46
014-1601,Delivered,2023-12-03,11:47:12
601-0570,In process,NA,NA
907-2076,Delivered,2023-06-18,10:50:53
127-2309,Delivered,2023-10-14,11:02:03
122-8556,Delivered,2023-09-25,08:09:40
145-9696,Delivered,2023-09-20,08:16:13
668-6725,Delivered,2023-12-26,11:33:11
930-3472,Delivered,2023-08-01,07:43:29
120-5293,Delivered,2024-01-25,16:47:21
785-3960,Delivered,2024-01-22,13:07:28
748-4147,Delivered,2023-12-16,10:07:03
852-8276,Delivered,2023-06-24,07:04:53
976-8613,Out For Delivery,NA,NA
033-8930,Out For Delivery,NA,NA
230-2727,Delivered,2023-09-04,13:34:01
898-1698,Delivered,2023-09-07,14:44:09
656-6265,Delivered,2023-11-21,13:08:52
099-4329,Delivered,2023-07-03,16:18:18
703-0779,Delivered,2023-10-18,14:22:42
422-8791,Delivered,2023-12-18,11:20:28
895-2371,Delivered,2023-07-25,16:37:42
173-3772,In process,NA,NA
529-7832,Delivered,2023-07-05,09:49:01
413-6177,Delivered,2023-06-08,11:19:08
033-0686,Delivered,2024-02-18,10:04:35
270-8270,Delivered,2023-08-26,16:11:54
995-1760,Delivered,2023-10-20,13:02:39
508-8216,Delivered,2023-09-19,10:20:47
252-5929,Delivered,2023-07-16,14:30:56
066-5447,Delivered,2023-06-27,08:06:03
340-1214,Delivered,2024-02-29,07:27:55
637-5631,Delivered,2024-03-19,14:38:43
364-0574,Delivered,2023-07-21,09:34:20
876-9888,Delivered,2024-01-14,14:32:48
049-4971,Delivered,2023-10-04,16:26:39
908-9855,In process,NA,NA
220-9505,Delivered,2023-08-05,08:11:03
078-4896,Delivered,2024-02-28,10:08:35
150-8164,Delivered,2024-04-02,14:28:03
930-1295,Delivered,2023-06-09,16:35:56
457-3854,Delivered,2024-02-21,08:58:53
691-2891,Delivered,2023-11-04,16:53:51
042-0486,Delivered,2024-02-16,15:59:58
902-1101,Delivered,2023-06-15,07:31:46
282-9843,Delivered,2023-06-08,14:18:07
146-3054,Dispatch,NA,NA
452-6568,Delivered,2023-09-20,14:15:00
618-9628,Delivered,2023-11-08,08:16:49
205-9917,Delivered,2023-09-24,13:51:47
807-8524,Delivered,2024-02-23,15:04:51
059-3773,Delivered,2023-07-29,12:44:30
098-6651,Delivered,2024-02-07,09:45:50
270-1601,Delivered,2024-02-23,11:33:30
958-3846,Delivered,2023-08-11,15:42:23
096-2826,Delivered,2023-08-26,09:36:22
059-1462,Delivered,2023-07-25,12:11:15
955-5203,Delivered,2023-08-01,07:52:58
905-3373,Delivered,2023-09-06,08:02:18
845-1400,Delivered,2023-10-04,13:54:02
687-2898,Delivered,2024-02-28,07:29:48
645-1999,Delivered,2024-02-17,14:37:33
451-9077,Delivered,2024-02-08,12:50:29
349-7802,Delivered,2023-10-29,08:31:07
722-6310,Delivered,2023-07-07,08:07:19
020-2160,Delivered,2023-06-23,10:48:20
539-0917,Delivered,2023-08-04,10:41:35
968-5644,Delivered,2023-11-09,07:17:19
320-6208,Delivered,2023-06-18,08:30:06
027-1131,Delivered,2024-02-01,08:01:59
600-8442,Delivered,2024-02-11,16:07:22
494-8491,Delivered,2024-01-02,09:20:14
821-8664,Delivered,2023-09-12,15:33:51
984-6261,Delivered,2023-08-03,09:35:40
882-1859,Delivered,2023-11-23,14:54:11
371-9658,Delivered,2024-02-18,09:23:16
387-5537,Delivered,2023-07-14,11:34:15
157-5316,Delivered,2023-10-30,07:46:13
124-3558,Delivered,2023-07-18,07:26:07
175-9473,Delivered,2023-07-09,07:36:33
398-5779,Delivered,2023-12-27,07:59:54
391-1938,Delivered,2023-11-27,15:41:37
209-4676,Delivered,2023-06-09,16:17:42
176-2854,Delivered,2023-12-31,15:58:07
103-7876,Delivered,2023-08-20,07:03:20
965-5356,Delivered,2024-02-03,11:37:42
909-7434,In process,NA,NA
663-3805,Delivered,2023-08-01,09:22:57
348-9059,Delivered,2023-07-27,08:35:37
555-9319,In process,NA,NA
307-5571,Delivered,2023-12-15,10:17:40
521-3947,Delivered,2023-07-20,10:30:19
130-9817,Delivered,2023-07-02,10:23:43
527-9889,Delivered,2024-01-31,12:56:28
743-7667,Delivered,2023-09-26,08:25:11
375-6815,Delivered,2023-07-13,10:25:40
917-5083,Delivered,2023-07-23,10:57:13
737-3540,Delivered,2023-08-19,07:52:44
620-2063,Delivered,2024-01-09,15:38:21
673-9383,Delivered,2023-12-04,12:38:27
375-9927,Delivered,2023-08-28,08:04:01
736-7988,Delivered,2023-08-18,14:37:50
953-6229,Delivered,2023-12-27,08:47:58
825-1220,Delivered,2023-06-22,11:24:18
441-1657,Delivered,2023-10-25,13:45:50
758-9289,Delivered,2023-09-08,08:11:17
602-1740,Delivered,2023-09-30,09:09:04
917-4061,Delivered,2024-01-20,15:54:24
066-4823,Delivered,2023-07-26,07:28:26
337-6958,Delivered,2023-10-30,13:23:19
211-1330,Dispatch,NA,NA
292-2045,Delivered,2023-06-07,09:19:24
205-3303,Delivered,2023-09-03,12:12:02
934-9592,Delivered,2023-12-04,11:52:53
587-5435,Delivered,2023-12-20,11:12:56
463-7628,Delivered,2024-01-06,15:52:20
324-7246,Out For Delivery,NA,NA
554-6554,Delivered,2024-01-13,15:14:33
318-1270,Delivered,2023-12-05,08:08:07
751-4517,Delivered,2023-09-27,11:22:30
670-9902,Delivered,2023-10-27,07:55:27
170-9806,Delivered,2023-10-22,16:16:22
310-1760,Delivered,2024-03-12,15:31:48
866-7770,Delivered,2023-07-18,08:15:54
823-5929,Delivered,2023-07-01,08:27:37
910-8060,Delivered,2023-09-17,07:57:44
970-2736,Dispatch,NA,NA
984-1176,Delivered,2023-09-29,13:59:06
962-6724,Delivered,2023-06-28,15:19:31
053-5063,Delivered,2024-01-08,11:57:42
985-2785,Delivered,2023-09-10,08:27:56
908-4534,Delivered,2023-08-25,14:19:09
666-8235,Delivered,2024-01-27,11:36:10
077-1944,Delivered,2023-07-26,14:42:59
251-3274,In process,NA,NA
626-4170,Delivered,2024-01-02,11:28:25
984-3712,Delivered,2023-07-05,15:33:52
649-7502,Delivered,2023-07-17,10:02:47
604-4200,Delivered,2023-07-26,15:59:03
034-3359,Delivered,2023-08-03,08:14:13
689-6914,Delivered,2023-11-08,09:17:36
762-9600,Delivered,2024-01-25,08:09:27
068-0523,Delivered,2023-07-23,11:32:34
837-0117,Delivered,2023-07-27,14:27:44
343-8394,Delivered,2023-10-01,07:58:31
133-1655,Delivered,2024-01-19,07:21:10
725-2632,Out For Delivery,NA,NA
523-1622,Delivered,2024-02-07,16:02:28
899-9686,Dispatch,NA,NA
830-6327,Dispatch,NA,NA
983-5552,Delivered,2023-11-22,09:36:15
197-5942,Delivered,2023-11-03,09:45:55
534-0539,Delivered,2023-06-26,15:23:24
990-6017,Delivered,2023-10-11,08:20:36
182-6754,Delivered,2023-07-31,08:31:03
211-2645,Delivered,2024-01-15,12:31:05
462-3489,Delivered,2023-11-19,12:04:13
312-4758,Delivered,2023-07-16,09:12:28
497-8194,Delivered,2023-10-29,07:11:06
745-3655,Delivered,2024-03-20,13:36:39
284-5154,Delivered,2023-12-12,11:57:23
336-8261,Delivered,2023-12-14,11:57:12
524-8220,Delivered,2023-12-29,11:33:33
995-2690,Delivered,2023-11-15,12:43:00
019-0093,Delivered,2024-02-08,09:10:03
422-8910,Delivered,2023-11-01,09:35:39
991-4799,Delivered,2024-02-12,15:28:14
798-2231,Delivered,2024-01-11,13:16:08
985-3783,Delivered,2024-01-17,07:23:53
311-9465,Delivered,2023-10-19,07:19:27
296-1804,Delivered,2023-07-14,14:26:26
892-7364,Delivered,2023-11-12,13:44:02
201-0561,Delivered,2023-06-27,13:05:40
084-1454,Delivered,2023-10-23,13:52:58
596-4395,Delivered,2023-07-04,16:42:36
011-9848,Delivered,2023-07-28,14:40:33
289-2053,Delivered,2024-01-18,14:37:50
577-0444,Delivered,2024-02-13,11:14:53
585-7375,Delivered,2023-08-20,15:28:12
225-9507,Delivered,2023-10-12,09:38:03
088-0497,Delivered,2023-09-30,12:55:59
564-5181,Delivered,2024-03-27,14:59:07
275-0849,Delivered,2023-07-26,13:26:13
960-1966,Delivered,2023-07-15,13:24:12
759-1868,Delivered,2023-08-16,12:27:12
902-6957,Delivered,2023-11-20,15:10:25
223-5649,Delivered,2023-09-08,14:17:46
272-2904,Delivered,2023-09-19,10:51:38
553-9119,Delivered,2023-10-16,07:03:22
291-3163,Delivered,2023-09-02,15:53:11
143-5841,Delivered,2023-11-26,10:52:13
900-0767,Delivered,2023-10-16,07:18:06
696-6018,Delivered,2023-12-07,07:42:50
683-4389,Delivered,2023-07-06,16:51:41
902-4256,Delivered,2023-10-07,16:25:00
888-0445,Delivered,2023-10-24,14:56:01
056-2897,Delivered,2023-07-12,14:46:57
069-9586,Delivered,2024-02-11,09:56:01
097-6373,Delivered,2024-03-01,12:24:34
130-9306,Delivered,2023-07-30,16:00:12
072-0064,Delivered,2023-11-18,10:36:51
373-9650,Delivered,2024-02-14,13:35:10
681-1989,Delivered,2023-07-23,16:39:40
596-4942,Delivered,2023-11-14,14:44:51
765-8141,Delivered,2024-02-12,11:21:09
142-4818,Delivered,2023-09-01,08:22:31
178-5713,Delivered,2023-10-31,07:59:25
215-9881,Delivered,2023-11-07,11:55:17
490-1035,Delivered,2023-12-01,15:14:26
774-6623,Delivered,2023-08-16,09:30:37
195-2950,Delivered,2023-06-14,10:45:30
548-5695,Delivered,2023-08-27,09:23:16
296-7539,Delivered,2023-08-11,11:31:53
760-3559,Delivered,2024-02-22,16:46:45
030-6376,Delivered,2023-10-02,10:18:58
598-6556,Delivered,2023-07-08,08:07:49
487-0765,Delivered,2024-02-17,13:18:19
147-4766,Out For Delivery,NA,NA
673-5816,Delivered,2023-09-05,13:35:08
148-2544,Delivered,2023-10-19,16:25:50
372-1051,Delivered,2024-03-02,14:04:54
028-8638,Delivered,2023-09-22,13:11:20
520-3886,Delivered,2023-11-12,14:56:17
249-0156,Delivered,2023-11-14,11:38:01
094-7941,Delivered,2023-12-21,14:05:44
301-4013,Delivered,2024-03-12,09:08:01
882-7245,Delivered,2024-03-20,12:00:14
930-9704,Delivered,2024-02-23,16:06:43
080-6799,Delivered,2023-07-17,07:54:59
098-3566,Delivered,2023-11-24,09:50:56
275-1631,Delivered,2024-02-01,16:50:15
628-5015,Delivered,2024-02-09,08:51:31
995-3898,Delivered,2023-11-07,13:49:14
917-5080,Delivered,2024-02-16,15:44:28
941-0198,Delivered,2023-06-23,13:01:34
272-4905,Delivered,2023-10-16,07:07:46
299-7101,Delivered,2023-08-27,07:15:29
747-4441,Dispatch,NA,NA
201-5177,Delivered,2023-07-11,07:33:19
347-8281,Delivered,2023-08-16,15:12:47
475-6123,Delivered,2024-01-20,15:16:00
049-4428,Delivered,2023-12-14,10:26:31
841-0438,Delivered,2024-01-17,07:20:19
626-3236,Delivered,2023-11-22,11:19:19
235-3428,Delivered,2023-11-04,09:48:46
811-2080,Delivered,2023-09-21,10:24:49
878-5051,Delivered,2023-10-25,15:38:52
959-2777,Delivered,2023-10-16,08:11:53
048-7258,Delivered,2023-12-30,09:48:49
547-6774,Delivered,2024-01-04,08:08:51
121-6947,Delivered,2024-03-01,08:13:16
850-5381,Delivered,2024-02-28,11:42:05
332-1935,Delivered,2023-06-24,14:37:08
824-5977,Delivered,2023-11-27,11:34:03
916-4139,Delivered,2023-11-25,15:19:27
237-2887,Delivered,2023-10-14,10:05:09
913-1911,Delivered,2024-02-07,13:21:41
299-2694,Delivered,2024-02-28,08:19:52
231-1979,Delivered,2023-10-23,09:47:51
107-6284,Delivered,2023-09-15,14:29:45
767-4871,Delivered,2024-02-21,08:39:34
326-1553,Delivered,2023-07-06,11:51:27
767-9088,Delivered,2023-06-04,09:35:26
435-2910,Delivered,2023-09-06,12:22:07
324-2612,Delivered,2023-10-08,13:55:09
394-3049,Delivered,2023-07-15,10:30:02
131-2777,Delivered,2024-03-15,08:43:22
820-7940,Delivered,2023-11-24,15:04:04
366-6136,Out For Delivery,NA,NA
945-1514,Delivered,2023-12-14,07:42:10
183-2575,Delivered,2023-09-20,07:52:33
748-1831,Delivered,2023-12-04,14:50:21
316-9050,Delivered,2023-08-30,11:08:01
618-6542,Delivered,2024-01-10,12:48:16
000-8963,Delivered,2024-02-06,15:25:57
778-2916,Delivered,2024-02-15,07:40:53
364-8829,Delivered,2023-09-25,14:15:25
816-1277,Delivered,2023-08-12,13:37:32
604-4035,Delivered,2023-07-17,08:01:40
553-7510,Delivered,2023-08-06,14:43:50
404-3943,Delivered,2024-02-26,16:10:43
694-8206,Delivered,2023-10-18,12:17:14
431-3361,Delivered,2023-09-02,14:33:20
998-1464,Delivered,2024-02-18,10:39:02
760-0694,Delivered,2024-02-11,10:56:42
794-7570,Delivered,2023-09-01,09:54:29
839-4740,Delivered,2023-06-30,10:50:34
858-1178,Delivered,2024-02-25,13:29:37
335-4234,Delivered,2023-10-21,10:22:57
259-3220,Delivered,2023-06-06,13:40:07
283-5867,Delivered,2023-06-23,08:16:47
877-5542,Delivered,2023-07-07,13:11:05
830-5608,Delivered,2024-03-31,15:55:27
009-6173,Delivered,2023-07-03,11:32:53
724-3509,Delivered,2024-02-12,12:25:06
316-8953,Delivered,2023-11-23,14:11:34
590-1104,Delivered,2023-06-09,10:49:17
861-7531,Delivered,2023-06-15,15:39:57
519-8344,In process,NA,NA
685-5716,Delivered,2024-02-20,15:55:14
471-1418,Delivered,2024-02-20,13:47:50
775-5501,Delivered,2023-09-17,11:47:56
446-1639,Delivered,2023-08-10,10:31:33
424-3415,Delivered,2024-01-11,07:57:21
915-4204,Delivered,2023-06-25,14:13:40
571-2915,Delivered,2023-11-15,12:54:23
616-0762,Delivered,2023-06-23,12:13:21
375-5959,Out For Delivery,NA,NA
278-6297,Dispatch,NA,NA
723-1116,Delivered,2023-07-03,10:53:29
459-4330,Delivered,2023-12-09,13:26:34
027-8456,Delivered,2024-01-29,12:19:28
923-4548,Delivered,2023-10-03,15:45:23
152-0738,Delivered,2024-02-20,10:22:58
430-3441,Dispatch,NA,NA
952-7586,Delivered,2023-09-01,11:04:21
947-2098,Delivered,2023-11-14,16:53:23
628-6161,Dispatch,NA,NA
596-1009,Delivered,2023-11-22,07:28:12
477-5379,Delivered,2023-09-03,12:51:51
769-6723,Delivered,2024-02-29,10:03:48
576-2065,Delivered,2023-06-16,11:24:34
382-7415,Delivered,2023-11-04,14:22:38
983-1922,Delivered,2023-08-29,09:58:07
307-0436,Delivered,2023-07-17,10:34:21
335-2043,Delivered,2023-11-30,12:53:39
538-9731,Delivered,2023-11-30,08:44:40
693-3133,Delivered,2024-02-09,10:58:12
526-6284,Delivered,2023-09-05,08:45:10
678-2244,Delivered,2024-01-24,08:35:40
150-0222,Delivered,2023-06-14,16:20:40
601-3466,Delivered,2023-11-15,13:28:14
339-6496,Delivered,2023-07-06,10:23:31
163-4464,Delivered,2023-10-30,12:14:31
502-8218,Delivered,2024-03-09,11:04:20
555-5802,Delivered,2023-08-18,13:09:39
076-0697,Dispatch,NA,NA
483-7431,Delivered,2023-08-08,16:34:02
047-1436,Delivered,2023-08-15,15:51:21
848-4088,In process,NA,NA
141-7597,Delivered,2023-12-14,13:32:10
565-0584,Delivered,2023-12-02,16:35:49
600-9783,Delivered,2023-09-15,08:58:53
070-4714,Delivered,2023-08-22,14:52:21
341-1257,Delivered,2023-11-17,14:36:51
938-1011,Delivered,2023-10-24,10:49:12
467-4527,Dispatch,NA,NA
072-6228,Delivered,2023-07-27,14:46:19
226-2884,Delivered,2023-06-15,08:59:18
288-8343,Delivered,2023-11-23,12:00:26
549-6876,Delivered,2023-12-10,11:24:55
223-5198,Delivered,2023-10-12,08:54:59
065-8109,Delivered,2023-11-08,15:40:00
776-6965,Delivered,2023-06-12,11:13:06
594-2917,Delivered,2024-02-28,11:33:36
589-5689,Delivered,2024-02-18,16:43:30
893-1516,Delivered,2023-07-09,11:04:56
681-8582,Delivered,2023-06-20,15:22:47
634-5431,Delivered,2024-01-14,11:24:17
574-7634,Delivered,2023-12-10,15:34:39
934-6932,Delivered,2023-09-14,07:49:23
582-0888,Delivered,2023-12-31,13:52:05
601-9914,Out For Delivery,NA,NA
553-2380,Delivered,2023-09-30,12:05:46
964-5342,Out For Delivery,NA,NA
067-1757,Out For Delivery,NA,NA
195-9785,Delivered,2023-07-05,12:45:30
238-8677,Delivered,2023-08-25,14:23:02
465-6448,Delivered,2023-06-29,14:08:51
706-7048,Delivered,2023-06-24,15:36:03
760-0992,Delivered,2024-02-02,14:48:38
604-5231,Out For Delivery,NA,NA
752-6873,Delivered,2023-12-18,15:44:01
641-8565,Delivered,2023-07-14,16:49:49
950-9966,Delivered,2023-07-06,16:03:55
057-7131,Delivered,2023-11-15,12:26:08
720-3966,Delivered,2023-07-13,11:24:00
534-9400,Delivered,2023-09-21,11:47:33
259-2455,Dispatch,NA,NA
539-2615,Delivered,2023-09-20,08:57:06
474-0285,Delivered,2023-10-23,16:26:42
964-1409,Delivered,2024-02-25,07:20:54
819-0092,Delivered,2023-12-18,13:56:25
944-5134,Delivered,2023-07-12,12:35:46
314-7536,Delivered,2023-06-15,16:52:54
326-0119,Delivered,2023-09-14,11:08:24
120-8731,Delivered,2023-06-24,10:24:30
007-0296,Delivered,2023-12-02,12:02:48
717-6570,Delivered,2023-09-09,14:10:17
306-4622,Delivered,2024-01-04,16:17:05
933-7687,Delivered,2023-08-07,14:36:21
829-8200,Delivered,2023-06-28,14:09:19
264-3626,Delivered,2023-12-11,11:47:25
985-5149,Delivered,2024-02-13,12:53:31
367-2567,Delivered,2023-08-04,08:42:41
575-6682,Delivered,2023-06-13,09:37:18
648-4944,Delivered,2023-12-13,16:36:40
419-3729,Delivered,2024-01-31,10:18:07
963-4628,Delivered,2023-09-25,12:04:02
239-0639,Delivered,2023-07-29,08:51:01
363-5576,Delivered,2023-07-29,07:44:24
685-4816,Delivered,2023-12-18,09:54:38
607-9129,Delivered,2023-08-23,12:24:54
143-2869,Delivered,2024-03-11,15:00:05
102-6072,Out For Delivery,NA,NA
546-9479,Delivered,2023-09-09,09:16:51
181-7307,Out For Delivery,NA,NA
084-8853,Delivered,2023-10-11,14:39:46
517-4446,Delivered,2024-01-01,15:42:22
439-7702,Delivered,2023-12-24,12:05:55
027-0387,Delivered,2023-10-07,16:32:33
415-4855,Delivered,2023-12-24,07:07:14
125-2724,Delivered,2023-12-31,16:48:24
148-9636,Out For Delivery,NA,NA
317-0470,In process,NA,NA
216-8840,Delivered,2023-07-12,09:41:26
256-3558,Delivered,2023-12-01,16:00:05
734-0979,Delivered,2023-11-16,11:01:29
111-8689,Delivered,2024-01-17,13:31:10
334-7499,Delivered,2023-11-07,10:45:29
629-7461,Delivered,2023-12-17,10:18:41
973-5954,Delivered,2024-01-03,16:29:22
069-7624,Delivered,2023-09-07,16:20:44
137-7001,Delivered,2024-01-21,09:01:51
425-6287,Delivered,2023-07-01,13:04:08
422-1758,Delivered,2023-11-10,08:50:13
884-7209,Delivered,2023-11-04,07:05:16
555-5087,Delivered,2023-08-06,15:24:13
959-7352,Delivered,2023-11-18,14:17:23
989-4143,Delivered,2023-12-23,09:53:55
747-7885,Delivered,2023-09-09,09:40:42
773-4028,Delivered,2024-01-02,10:59:32
974-2004,Delivered,2023-09-23,08:35:47
848-3083,Delivered,2024-01-06,08:41:14
239-2972,Delivered,2023-11-22,13:06:16
504-3266,Delivered,2024-03-18,15:26:59
706-5894,Delivered,2023-06-13,09:02:26
851-5562,Delivered,2024-02-09,10:01:25
032-0753,Delivered,2023-12-23,08:24:00
721-6787,Delivered,2023-12-30,10:16:41
368-0436,Delivered,2023-12-31,07:57:35
122-8932,Delivered,2023-10-09,14:17:13
429-5907,Delivered,2023-12-08,13:35:21
004-5023,Delivered,2024-01-14,16:14:07
799-9869,Delivered,2023-12-22,12:14:36
429-0524,Delivered,2023-11-24,14:24:49
607-1172,Delivered,2024-01-05,08:09:53
582-7301,Delivered,2023-08-16,14:34:08
297-5894,Delivered,2023-07-05,14:21:25
338-2014,Delivered,2023-06-18,09:29:14
269-0687,Dispatch,NA,NA
105-1579,Delivered,2024-01-02,12:41:42
790-5047,Delivered,2023-06-17,12:05:53
152-5766,Delivered,2023-09-05,12:39:53
677-4160,Delivered,2023-10-17,13:43:01
347-4704,Delivered,2023-07-01,13:03:04
139-1409,Delivered,2023-07-20,11:16:22
135-5529,Out For Delivery,NA,NA
617-1192,Delivered,2023-11-01,16:42:46
601-2720,Out For Delivery,NA,NA
047-5156,Delivered,2024-01-09,14:05:48
987-2392,Delivered,2023-10-23,11:04:01
243-2354,Delivered,2023-06-26,14:23:53
373-6599,Delivered,2023-10-19,07:32:46
460-7157,Delivered,2023-09-29,08:25:46
496-9973,Delivered,2024-03-18,16:59:04
643-6112,Delivered,2023-06-03,08:04:53
012-8202,Delivered,2023-11-20,13:44:26
841-9099,Delivered,2023-11-08,14:10:23
848-1827,Delivered,2023-06-29,07:16:05
612-1212,Delivered,2023-12-08,11:52:55
755-6962,Delivered,2024-01-02,13:55:58
942-8422,Delivered,2023-09-29,15:40:54
420-5510,Delivered,2023-10-30,08:40:52
178-3159,Delivered,2023-06-25,09:54:03
246-1981,Delivered,2023-06-08,13:09:57
402-1739,Delivered,2024-02-17,14:40:54
224-0314,Delivered,2023-12-25,09:58:13
973-1753,Delivered,2023-07-25,08:12:28
719-9055,Delivered,2023-12-21,11:22:16
213-4010,Dispatch,NA,NA
793-1695,Delivered,2024-03-08,15:12:38
858-3991,Delivered,2023-06-12,16:13:31
501-8168,Delivered,2024-02-02,12:42:40
986-6050,Delivered,2023-06-08,16:38:54
324-6010,Delivered,2023-07-10,12:05:13
434-5873,Delivered,2023-11-21,09:08:55
527-2235,Delivered,2023-10-28,14:49:44
424-7556,Delivered,2023-07-21,10:07:34
341-6675,Delivered,2023-10-14,08:18:29
562-4621,Delivered,2023-11-11,11:31:04
666-6868,Delivered,2024-02-22,10:21:48
607-7187,Delivered,2023-12-30,09:39:44
453-0067,Delivered,2023-06-25,12:40:58
165-5099,Delivered,2023-11-09,11:16:09
188-0985,Delivered,2024-01-17,16:36:31
525-4401,Delivered,2023-09-28,11:58:56
522-4641,Delivered,2023-09-23,08:19:13
281-3728,Delivered,2024-01-17,14:14:29
177-3689,Delivered,2023-08-18,10:24:04
655-0277,Delivered,2023-10-30,10:33:32
010-5520,Delivered,2023-09-26,13:03:38
362-7379,Delivered,2023-06-16,16:54:26
045-1319,Dispatch,NA,NA
683-7557,Delivered,2023-06-23,16:41:16
732-0478,Delivered,2023-09-04,13:17:04
602-0445,Delivered,2023-06-13,08:51:00
