tracking_number,shipment_method,estimated_delivery_date,estimated_delivery_time
581-6200,express,2023-06-23,11:20:33
004-1482,next day,2023-11-21,14:41:18
064-9023,express,2024-03-06,07:27:46
657-4120,standard,2024-02-01,15:10:18
983-4613,next day,2023-08-11,16:02:04
208-3490,express,2023-08-27,10:20:17
172-2052,standard,2023-09-15,16:22:00
113-3978,next day,2023-10-03,13:44:45
172-9056,standard,2023-06-06,13:40:07
897-2385,standard,2023-11-02,10:07:38
719-5004,standard,2023-12-31,12:37:51
587-5127,express,2023-09-19,08:01:34
019-0043,next day,2023-08-17,13:54:02
780-5473,next day,2023-09-01,10:51:32
830-2529,express,2023-07-21,15:24:55
493-1085,next day,2023-12-15,10:52:50
981-5970,express,2023-07-25,07:29:24
321-9847,next day,2023-09-04,09:08:15
269-0200,next day,2023-07-21,11:52:48
650-9530,express,2023-09-16,07:45:16
974-2849,standard,2023-10-12,08:47:43
817-6468,next day,2023-11-16,15:19:57
500-7996,next day,2023-06-22,11:24:30
490-6323,express,2023-12-24,11:34:52
249-1390,express,2023-09-25,16:36:39
135-0278,express,2023-08-20,15:42:37
737-1492,next day,2023-12-01,09:27:19
189-4916,standard,2024-02-06,07:45:48
730-9927,next day,2023-08-26,13:42:44
666-9412,express,2023-09-11,10:51:07
317-2623,next day,2023-11-02,08:32:49
687-4406,next day,2023-08-02,08:46:06
225-6889,next day,2023-08-31,07:26:56
690-6456,express,2023-12-21,12:03:32
614-9042,standard,2023-06-09,09:14:28
980-6544,express,2024-02-21,08:12:39
990-0217,express,2024-03-17,07:36:44
914-6984,express,2023-07-05,12:49:15
056-2374,express,2024-01-22,08:34:48
425-0566,express,2023-10-01,13:16:20
809-2652,express,2023-12-11,14:21:17
526-6218,standard,2023-08-17,14:55:45
288-4276,next day,2023-06-14,16:55:16
084-8071,express,2023-07-21,09:25:02
300-0288,express,2023-10-04,16:59:26
647-5776,express,2024-03-21,16:00:37
337-7512,next day,2024-03-16,07:46:08
172-5325,standard,2024-01-07,09:20:00
049-7350,standard,2023-10-05,10:58:09
563-0809,express,2023-10-04,14:31:55
071-3189,next day,2023-10-18,11:49:43
912-0351,express,2024-01-26,11:54:36
778-3217,next day,2024-02-22,15:51:32
476-0913,standard,2023-12-29,12:21:57
180-6166,next day,2024-03-19,09:48:50
201-8509,standard,2023-07-03,11:13:06
415-8316,express,2024-01-05,16:41:31
257-5947,next day,2023-09-19,15:03:14
870-6232,standard,2023-10-09,12:56:55
533-6275,standard,2024-01-26,09:20:10
998-7355,standard,2023-07-06,07:26:53
002-4909,next day,2023-10-13,16:51:12
361-4462,standard,2024-01-11,08:18:11
703-6844,express,2024-03-25,13:53:22
937-3160,express,2023-08-10,08:58:45
402-0686,express,2023-08-29,14:38:11
269-9057,standard,2023-09-26,10:22:31
215-7031,express,2023-10-16,15:43:16
348-1340,standard,2024-01-10,08:27:49
409-3993,next day,2023-08-12,11:52:56
918-0426,express,2023-08-14,15:16:17
037-5562,express,2023-07-12,11:37:08
713-2252,express,2023-12-17,10:21:18
523-2931,next day,2024-03-28,16:24:01
431-5578,express,2024-01-09,15:14:39
677-3857,standard,2023-10-23,09:30:23
146-4322,express,2024-01-20,11:21:28
478-6325,express,2023-12-15,13:46:03
893-9794,standard,2023-09-29,14:02:16
494-1960,standard,2023-10-07,14:12:00
248-2284,express,2024-03-27,14:26:23
337-7498,express,2023-11-25,16:36:29
438-1081,next day,2023-10-22,15:53:43
484-4811,express,2023-09-27,13:35:16
399-4142,express,2023-07-23,09:48:33
939-6695,next day,2024-01-16,11:40:45
467-7806,standard,2023-07-26,08:50:20
411-3581,next day,2023-07-01,11:00:50
380-9999,next day,2023-12-06,13:11:42
511-8371,express,2023-10-21,16:34:26
547-9516,express,2023-09-26,11:56:41
732-9855,express,2023-09-25,13:37:29
535-5866,standard,2023-10-28,07:22:59
653-6323,next day,2024-01-04,11:30:51
289-8856,express,2024-02-20,08:33:01
626-2864,next day,2023-12-20,10:19:29
931-9472,standard,2024-02-20,10:28:38
269-7911,next day,2023-06-17,08:21:28
123-2676,express,2023-09-02,15:19:10
484-4536,standard,2024-04-04,12:13:13
409-5757,express,2023-10-21,14:04:43
622-6855,express,2024-03-18,12:54:05
673-0593,standard,2023-12-15,13:37:05
104-1609,next day,2023-07-07,11:13:19
063-4908,express,2024-03-03,08:15:28
020-9431,express,2024-01-21,12:45:07
685-1682,standard,2023-11-04,13:02:16
879-1284,standard,2023-09-25,16:15:50
545-5529,next day,2024-01-22,10:25:44
996-4693,express,2024-01-20,15:54:03
762-0563,next day,2023-12-20,09:25:59
343-6439,express,2023-09-28,12:06:43
413-5624,next day,2023-08-30,10:00:41
453-3452,standard,2024-03-22,09:21:58
087-4882,express,2024-01-27,16:59:27
214-3773,next day,2024-03-16,09:44:46
556-3124,next day,2024-03-14,16:00:55
827-1826,express,2023-08-17,16:26:09
213-1393,next day,2023-12-11,11:10:38
980-9087,express,2023-09-10,09:56:57
250-0328,express,2024-03-02,15:03:12
033-0030,standard,2023-09-02,13:33:50
399-5860,express,2024-04-02,10:04:34
228-3742,express,2024-03-04,09:14:08
543-7121,standard,2024-02-05,10:14:26
540-2154,next day,2023-12-20,16:18:45
024-4295,standard,2024-03-08,07:48:54
615-7347,express,2023-11-17,08:02:26
047-6987,next day,2023-07-11,14:07:30
677-8729,standard,2023-07-20,09:55:35
441-4417,next day,2024-01-22,07:53:17
492-0938,next day,2023-10-19,14:50:35
720-0619,standard,2024-02-15,08:20:11
107-7116,express,2023-10-05,16:16:47
025-3448,standard,2023-07-20,16:08:31
910-0435,next day,2023-08-28,16:06:26
321-1948,express,2023-11-25,07:58:30
897-4466,express,2023-10-12,10:27:39
864-5180,next day,2023-10-05,14:59:08
875-1246,standard,2023-11-02,08:10:18
310-6779,express,2024-01-05,09:53:58
384-0801,next day,2024-03-29,16:09:56
320-6780,next day,2023-07-29,14:22:21
375-2903,next day,2023-11-09,07:29:12
934-1473,standard,2024-03-22,08:36:08
885-4484,next day,2024-02-01,16:29:40
425-1949,next day,2023-10-10,11:28:39
622-1907,express,2023-12-20,13:40:06
695-7799,next day,2023-11-25,07:38:28
782-2815,next day,2023-08-02,13:57:18
658-8691,standard,2023-11-02,13:00:55
706-1911,express,2024-01-18,12:10:49
470-7248,standard,2023-11-15,11:55:29
908-3440,next day,2023-06-15,13:29:50
273-5946,next day,2024-01-02,09:46:50
940-0362,standard,2023-11-24,12:08:01
126-6995,express,2023-06-11,08:51:39
353-8535,standard,2023-11-28,13:09:13
642-4830,next day,2024-03-31,15:08:12
579-2501,next day,2023-07-17,09:45:31
196-3050,express,2023-08-24,11:29:02
234-2955,next day,2023-06-27,11:20:57
011-5315,express,2023-09-23,11:06:46
919-3941,standard,2023-09-04,11:55:43
386-0660,next day,2024-02-03,09:53:57
441-0822,next day,2023-07-25,14:17:28
579-4683,next day,2023-06-11,10:46:30
550-6983,standard,2023-11-22,13:35:38
091-9152,express,2023-07-20,14:12:19
680-4673,next day,2023-06-13,07:41:29
342-7529,next day,2024-02-04,09:45:45
610-9028,next day,2024-01-24,08:15:07
638-2804,standard,2023-06-10,13:09:17
095-8097,next day,2024-01-17,07:51:00
951-3939,express,2024-03-27,09:38:09
432-8807,express,2024-03-11,11:11:44
106-1673,next day,2023-06-11,11:30:02
494-2036,next day,2023-09-19,09:44:06
433-9347,next day,2024-01-20,16:56:55
148-8497,standard,2024-02-05,08:49:33
990-0097,next day,2023-11-10,16:05:07
782-5716,next day,2023-07-06,08:09:19
348-7205,standard,2023-10-12,08:58:36
003-9415,next day,2023-07-29,09:06:11
105-8809,express,2023-06-22,09:15:17
772-6230,next day,2023-08-24,12:26:03
713-4005,standard,2023-08-17,14:28:02
552-2167,express,2023-12-02,09:17:55
150-4825,express,2023-12-02,08:18:04
413-2794,standard,2023-10-06,11:57:19
354-8547,express,2023-10-09,08:39:38
670-7327,next day,2024-02-25,12:16:28
337-8434,next day,2024-03-22,15:08:37
122-9995,standard,2023-08-13,14:49:14
837-9002,standard,2024-02-14,07:00:31
686-0328,next day,2023-12-05,08:19:52
552-2229,standard,2023-09-29,08:19:49
391-9097,standard,2023-08-24,16:48:58
835-6287,standard,2023-10-31,09:33:44
504-4485,next day,2023-08-10,12:30:47
690-2066,express,2023-09-27,08:19:09
389-3527,standard,2023-06-10,10:32:06
230-6296,express,2023-07-27,11:59:52
740-5492,next day,2023-06-27,09:16:25
093-8513,next day,2023-09-22,12:53:41
206-1672,standard,2023-10-27,07:49:16
525-3920,standard,2023-09-07,12:57:20
357-6469,standard,2023-07-12,16:50:44
089-6361,express,2023-10-03,08:16:04
501-5163,standard,2023-11-16,11:06:21
884-2258,next day,2024-03-21,12:11:09
824-3386,next day,2023-10-01,14:25:54
771-3143,next day,2023-12-27,10:36:14
943-4452,express,2023-09-08,15:57:27
382-3098,next day,2024-02-26,13:10:12
900-9194,standard,2024-02-13,14:25:33
132-6049,next day,2023-09-01,15:35:13
411-8358,standard,2023-09-03,15:11:30
087-8679,standard,2023-09-09,13:27:22
593-2149,next day,2023-10-05,16:09:55
060-4681,standard,2023-09-23,09:36:56
670-9709,standard,2024-03-29,09:48:54
820-5093,next day,2023-08-05,09:32:23
902-6803,standard,2023-09-16,14:55:19
203-4808,standard,2023-07-24,16:19:54
502-0188,next day,2023-06-13,13:33:39
556-5679,standard,2023-06-22,16:12:49
879-6263,next day,2023-09-06,15:02:16
195-0697,express,2023-09-12,08:17:55
901-4291,next day,2023-06-18,09:01:18
657-2062,next day,2023-12-30,13:30:10
925-5522,express,2024-03-20,08:53:47
924-3960,next day,2024-02-16,07:58:20
907-2185,next day,2023-08-03,13:24:04
863-2256,next day,2023-11-11,10:43:39
924-6765,standard,2023-08-02,08:09:36
889-4164,next day,2024-03-31,07:27:33
943-0164,standard,2024-02-18,11:32:40
984-7082,express,2024-03-31,15:32:23
529-0236,standard,2024-02-17,10:44:44
763-0542,standard,2024-01-31,09:38:53
421-0078,standard,2023-12-26,10:32:29
616-6139,standard,2024-03-27,13:47:17
395-4232,standard,2023-12-20,15:30:48
454-2329,standard,2023-10-13,10:23:19
627-7235,express,2024-04-02,09:04:11
659-0725,next day,2023-12-31,13:45:04
507-3093,standard,2023-07-05,12:52:35
568-0049,standard,2024-02-09,07:13:43
816-3587,express,2023-10-30,09:18:13
109-9269,next day,2023-08-27,12:12:16
790-6903,standard,2024-04-02,07:02:15
181-5148,standard,2024-02-19,07:44:15
840-0332,express,2023-09-29,12:22:27
960-4692,express,2023-09-13,07:06:16
829-8485,next day,2023-11-06,09:07:53
678-3018,next day,2023-06-12,10:14:35
537-3390,next day,2024-03-04,13:13:13
949-9435,express,2023-07-10,15:23:49
845-5109,standard,2023-08-17,07:01:18
919-1477,express,2024-01-05,08:04:35
639-8793,next day,2023-06-10,10:32:25
495-5636,next day,2023-06-21,14:09:06
927-1119,standard,2024-01-07,09:57:06
655-0918,next day,2023-07-01,07:30:54
822-1594,standard,2023-08-16,09:40:59
887-3083,next day,2023-09-24,09:15:36
254-8318,express,2023-11-24,15:58:04
294-4999,standard,2023-08-17,08:28:16
489-3029,express,2024-02-16,10:29:13
564-3621,express,2023-09-24,16:10:42
151-6142,express,2023-11-17,10:58:38
224-0260,express,2023-08-09,14:53:59
987-1160,standard,2024-01-05,10:08:02
837-6603,express,2023-11-21,15:27:46
905-4962,standard,2023-09-11,13:42:41
459-9612,standard,2023-11-24,12:16:42
240-9574,express,2023-06-23,10:13:22
426-2100,standard,2023-09-29,11:19:28
730-2147,next day,2023-09-01,15:55:00
847-5922,next day,2024-02-01,13:59:52
123-7153,next day,2023-07-07,10:33:37
600-5049,express,2024-02-05,08:20:41
894-7180,next day,2023-10-23,08:07:46
143-1853,next day,2023-11-04,13:36:53
764-0431,standard,2023-07-25,15:06:58
643-6484,standard,2023-10-27,12:40:33
830-3435,express,2023-08-03,08:48:58
743-7634,next day,2023-10-17,09:17:59
894-0706,express,2023-06-08,14:59:43
062-4764,express,2023-07-08,16:05:27
949-5233,standard,2023-09-25,11:32:51
613-8781,standard,2024-01-28,08:22:48
876-6937,express,2024-02-18,12:29:38
895-0427,next day,2023-08-10,08:18:17
208-0452,standard,2024-01-14,09:12:54
111-5910,express,2023-11-16,11:17:56
144-3048,next day,2023-12-25,16:25:40
670-8593,express,2023-10-26,08:58:24
403-1970,express,2023-09-29,12:57:52
711-6616,express,2023-07-01,10:49:34
766-4614,express,2023-08-18,10:15:45
624-8826,express,2024-03-24,16:02:09
351-9149,next day,2023-06-02,16:45:56
581-8666,standard,2024-01-30,08:15:45
654-1497,standard,2024-01-08,13:48:20
657-6378,next day,2023-08-10,12:35:04
669-2511,next day,2024-03-04,15:02:45
965-2078,express,2023-10-03,09:28:06
705-6860,next day,2024-03-17,09:45:28
325-2091,standard,2023-07-17,14:49:46
490-0143,next day,2024-01-15,14:57:36
744-6450,express,2023-11-25,08:55:21
745-7301,next day,2023-10-23,10:54:50
427-3046,next day,2023-12-25,14:25:40
266-8912,next day,2023-12-20,12:00:09
829-1786,next day,2023-12-14,15:06:12
590-2985,standard,2023-10-22,15:12:47
402-9020,express,2023-07-17,14:45:33
786-5682,standard,2023-10-21,11:54:02
494-9525,standard,2023-08-22,08:22:22
028-2616,standard,2024-01-29,07:08:44
514-5864,next day,2023-07-04,12:50:37
765-9860,standard,2024-01-18,13:23:07
682-3969,express,2024-02-21,16:47:11
399-4305,standard,2023-11-03,08:13:03
855-8049,express,2023-07-07,07:20:06
793-7330,express,2024-02-15,09:10:52
658-1217,express,2023-09-24,10:20:40
273-6930,express,2024-03-07,14:02:56
645-1116,standard,2024-03-15,12:59:58
300-3443,standard,2023-11-24,14:00:52
898-8404,express,2023-08-16,13:45:54
256-1122,express,2023-11-12,12:45:48
211-8493,standard,2023-06-17,13:24:40
595-6186,express,2023-10-28,14:57:25
450-1670,next day,2023-11-02,13:21:08
555-9184,standard,2023-10-24,08:42:19
259-5674,next day,2024-03-17,11:04:28
022-0246,standard,2023-08-01,10:50:29
210-1097,express,2023-12-27,13:35:25
299-8186,standard,2023-08-04,14:38:58
684-4711,next day,2023-10-08,07:59:42
841-5435,next day,2023-07-03,12:31:18
985-2915,next day,2024-02-16,12:36:11
921-8399,next day,2024-03-12,12:50:39
341-7261,next day,2023-07-31,07:40:44
699-4702,next day,2023-10-29,12:46:43
746-6214,express,2023-09-07,08:17:19
048-0952,next day,2023-10-31,14:52:26
705-6835,express,2024-03-30,15:43:05
473-1047,express,2023-11-16,15:07:03
574-2081,express,2023-08-05,08:41:56
335-9210,express,2023-10-14,14:43:52
855-2565,standard,2024-01-11,08:52:50
788-1922,express,2023-10-04,16:01:36
065-5836,next day,2024-03-13,14:21:02
929-9740,next day,2023-06-18,15:36:58
631-5553,express,2024-01-16,15:44:51
542-6561,standard,2023-07-23,12:59:42
487-9537,standard,2024-01-19,11:08:56
367-6846,next day,2023-12-06,09:03:50
812-5021,express,2023-06-21,07:00:00
061-8764,standard,2024-03-13,09:44:50
506-8419,next day,2023-09-17,16:15:15
535-9855,next day,2024-01-30,12:27:39
339-5729,next day,2024-03-30,10:48:47
375-7973,standard,2023-12-12,15:08:09
364-6370,standard,2023-12-28,07:58:19
703-2553,standard,2023-10-01,12:31:18
729-7671,standard,2023-08-20,09:55:40
294-1426,express,2023-09-05,11:03:15
912-5594,standard,2023-11-07,09:35:11
522-1476,standard,2023-09-26,07:37:19
603-9412,standard,2023-07-07,12:14:31
589-4424,express,2023-12-14,07:42:20
396-5639,next day,2023-07-12,14:49:46
063-5912,standard,2023-12-27,11:10:53
458-9708,express,2024-01-05,12:35:40
629-2353,next day,2024-01-13,08:49:51
627-7018,express,2024-02-15,09:05:00
604-0846,express,2023-07-18,08:44:35
476-0703,express,2023-08-14,13:13:54
368-2950,express,2024-01-15,07:27:28
463-5292,express,2023-07-10,16:36:37
775-7388,next day,2023-08-28,07:38:54
661-4541,express,2023-12-05,13:47:23
360-5813,next day,2023-11-05,07:13:36
467-9764,next day,2023-09-19,07:39:35
732-7612,next day,2023-12-27,13:33:34
444-0863,express,2023-11-19,08:55:47
059-9864,standard,2023-10-23,07:18:57
429-0997,next day,2024-02-12,16:33:38
098-6114,standard,2024-01-26,08:07:20
912-4668,next day,2023-11-12,12:23:55
134-9189,next day,2023-11-16,16:20:35
627-5228,next day,2023-06-22,09:19:28
965-1872,next day,2023-11-22,15:16:51
500-7841,next day,2023-12-04,13:16:35
046-8818,standard,2023-10-20,11:58:26
587-8400,standard,2023-07-02,14:49:11
720-3655,next day,2023-08-15,07:17:34
776-0899,express,2023-09-10,14:43:26
888-9361,next day,2024-02-25,08:03:41
934-1123,standard,2023-07-19,13:58:28
203-4582,standard,2023-11-11,12:27:50
477-7370,express,2024-01-28,08:25:23
291-6656,standard,2023-12-20,09:58:49
760-3774,next day,2023-11-21,15:25:41
825-6939,express,2023-09-12,14:48:39
644-7133,next day,2023-10-08,07:28:25
084-4120,express,2024-01-06,15:46:18
351-6890,express,2023-12-15,09:20:14
456-1812,next day,2023-08-20,10:14:30
323-7602,express,2024-02-06,12:51:03
028-6470,express,2024-01-17,15:54:22
126-1653,standard,2023-10-25,09:13:39
678-8567,standard,2023-08-10,13:34:54
714-6518,next day,2023-06-28,08:52:16
289-4572,standard,2023-07-31,15:31:14
364-5354,express,2023-12-22,13:37:57
472-6490,standard,2023-11-03,07:46:36
986-1246,standard,2024-03-10,15:18:24
136-2027,next day,2023-09-04,16:35:49
750-1114,express,2024-03-19,07:13:59
199-1018,next day,2023-09-25,07:08:03
447-0685,standard,2023-12-04,16:02:28
048-9134,standard,2023-07-29,08:07:29
539-1475,express,2024-01-01,10:36:03
381-0303,next day,2023-11-16,11:14:14
454-7257,standard,2023-09-07,16:47:27
054-0497,next day,2023-11-23,07:44:50
246-3227,next day,2024-03-16,12:03:51
136-5728,standard,2024-03-19,12:48:53
308-4410,express,2024-03-17,12:56:44
447-3156,standard,2023-10-10,15:19:30
354-7473,next day,2023-11-02,13:56:24
858-7930,next day,2023-08-28,08:14:07
333-4304,express,2023-08-16,16:58:25
885-9694,next day,2024-03-10,08:25:45
185-1849,express,2024-02-26,13:51:12
658-2664,express,2023-07-04,14:20:38
667-0664,next day,2023-07-21,14:01:55
456-9831,standard,2024-02-03,14:16:04
803-6285,express,2023-06-18,11:08:12
653-1579,express,2024-03-23,07:00:09
474-4376,standard,2023-11-13,13:59:36
715-5776,next day,2023-12-25,09:56:10
080-4844,express,2024-02-07,13:27:10
062-7264,standard,2023-06-24,13:02:06
856-6018,standard,2023-08-16,12:53:41
966-8068,next day,2023-07-03,09:10:10
585-4554,express,2023-09-04,10:26:55
149-7087,express,2023-06-29,08:29:05
511-5422,next day,2024-03-03,14:21:04
970-3900,next day,2023-12-15,16:29:17
241-9611,next day,2024-02-11,09:12:25
786-8364,standard,2023-07-23,14:15:46
824-4780,standard,2023-08-12,13:30:12
561-1602,standard,2023-08-27,16:36:06
234-5725,express,2023-07-30,13:45:33
125-7755,next day,2024-03-21,10:01:15
985-3471,standard,2024-02-25,07:02:35
904-8092,express,2023-06-09,08:54:49
160-5243,express,2024-03-15,07:11:42
133-7684,standard,2024-03-21,13:35:02
121-8903,next day,2024-02-11,12:24:29
248-8793,standard,2023-10-27,13:53:21
770-7769,next day,2024-03-17,11:27:16
810-3614,next day,2023-09-20,11:53:41
341-9691,express,2023-11-17,16:57:49
324-9354,standard,2023-11-23,13:15:51
631-1410,next day,2023-08-03,13:12:47
688-3725,express,2023-08-18,14:08:13
302-5345,express,2024-03-10,13:18:43
704-7672,express,2024-01-13,07:34:21
911-5828,express,2024-01-10,10:37:00
797-3083,express,2023-07-10,11:12:52
293-6671,next day,2023-12-12,10:47:06
306-9501,express,2024-02-24,09:18:57
311-8691,next day,2024-03-15,11:11:21
024-8500,express,2023-09-06,14:07:01
993-9143,next day,2023-11-04,09:29:39
650-1752,express,2023-12-08,14:25:22
496-6470,next day,2024-01-20,08:44:04
729-3640,standard,2023-12-06,08:17:57
673-5710,express,2024-03-30,10:26:08
814-7155,standard,2024-03-07,09:56:31
366-8482,next day,2023-06-07,12:33:39
904-5411,standard,2023-09-09,15:22:41
757-3866,next day,2024-03-30,10:28:59
489-0464,express,2023-09-10,16:18:20
533-4695,express,2023-10-21,13:19:42
289-4851,standard,2024-01-31,13:43:34
014-1601,standard,2023-12-02,09:37:39
601-0570,standard,2024-03-26,07:46:20
907-2076,express,2023-06-17,09:31:55
127-2309,express,2023-10-14,07:20:21
122-8556,next day,2023-09-24,16:56:03
145-9696,standard,2023-09-18,15:51:15
668-6725,standard,2023-12-26,07:46:01
930-3472,standard,2023-08-01,07:52:10
120-5293,standard,2024-01-25,14:27:14
785-3960,express,2024-01-23,10:42:02
748-4147,express,2023-12-15,12:12:02
852-8276,standard,2023-06-23,13:10:17
976-8613,express,2024-03-13,09:44:06
033-8930,next day,2024-03-21,07:03:07
230-2727,express,2023-09-03,11:27:48
898-1698,express,2023-09-08,14:06:33
656-6265,express,2023-11-20,16:03:34
099-4329,standard,2023-07-02,11:50:53
703-0779,express,2023-10-19,15:28:47
422-8791,next day,2023-12-18,13:08:41
895-2371,next day,2023-07-25,15:58:13
173-3772,express,2024-03-08,09:19:42
529-7832,express,2023-07-06,07:01:49
413-6177,standard,2023-06-09,14:31:27
033-0686,standard,2024-02-18,15:28:54
270-8270,express,2023-08-25,10:06:00
995-1760,express,2023-10-21,16:50:51
508-8216,next day,2023-09-19,13:45:35
252-5929,express,2023-07-17,08:06:15
066-5447,standard,2023-06-27,12:06:11
340-1214,standard,2024-02-29,14:39:18
637-5631,standard,2024-03-19,09:56:41
364-0574,express,2023-07-20,15:12:43
876-9888,express,2024-01-13,09:10:14
049-4971,express,2023-10-03,09:10:19
908-9855,express,2024-03-04,09:24:22
220-9505,express,2023-08-04,12:08:57
078-4896,express,2024-02-29,10:54:18
150-8164,express,2024-04-03,16:35:44
930-1295,express,2023-06-09,08:49:34
457-3854,next day,2024-02-20,12:03:54
691-2891,next day,2023-11-04,09:02:40
042-0486,standard,2024-02-16,08:44:52
902-1101,next day,2023-06-14,16:21:41
282-9843,express,2023-06-09,16:58:12
146-3054,next day,2024-03-15,11:36:27
452-6568,standard,2023-09-19,08:31:48
618-9628,express,2023-11-09,08:00:04
205-9917,next day,2023-09-23,07:15:36
807-8524,next day,2024-02-23,07:56:45
059-3773,standard,2023-07-27,15:49:21
098-6651,next day,2024-02-06,12:22:18
270-1601,next day,2024-02-22,13:19:19
958-3846,express,2023-08-11,09:09:55
096-2826,express,2023-08-26,09:37:41
059-1462,express,2023-07-25,13:27:51
955-5203,express,2023-08-02,10:30:14
905-3373,standard,2023-09-07,08:26:36
845-1400,express,2023-10-04,13:31:35
687-2898,next day,2024-02-27,15:34:31
645-1999,express,2024-02-17,11:33:39
451-9077,express,2024-02-09,13:52:02
349-7802,next day,2023-10-28,14:39:45
722-6310,express,2023-07-06,13:17:04
020-2160,standard,2023-06-21,08:32:42
539-0917,next day,2023-08-04,14:56:56
968-5644,express,2023-11-10,08:55:22
320-6208,next day,2023-06-18,12:15:00
027-1131,express,2024-02-02,11:38:21
600-8442,next day,2024-02-10,13:19:52
494-8491,next day,2024-01-01,08:38:26
821-8664,standard,2023-09-10,15:34:32
984-6261,standard,2023-08-04,14:16:14
882-1859,next day,2023-11-23,08:00:28
371-9658,next day,2024-02-18,09:30:52
387-5537,next day,2023-07-14,10:56:47
157-5316,standard,2023-10-30,14:47:50
124-3558,express,2023-07-17,07:13:36
175-9473,next day,2023-07-09,08:12:07
398-5779,express,2023-12-26,08:21:08
391-1938,express,2023-11-28,13:36:32
209-4676,next day,2023-06-08,16:42:37
176-2854,next day,2023-12-31,07:52:50
103-7876,standard,2023-08-20,14:40:15
965-5356,next day,2024-02-02,09:14:57
909-7434,next day,2024-03-01,13:13:58
663-3805,standard,2023-08-02,07:35:03
348-9059,standard,2023-07-28,11:34:36
555-9319,standard,2024-03-12,10:19:52
307-5571,next day,2023-12-14,12:19:28
521-3947,standard,2023-07-21,15:29:28
130-9817,next day,2023-07-02,13:19:52
527-9889,next day,2024-01-31,08:49:11
743-7667,next day,2023-09-25,13:18:36
375-6815,express,2023-07-13,15:16:47
917-5083,next day,2023-07-22,16:52:54
737-3540,express,2023-08-18,07:18:11
620-2063,next day,2024-01-08,13:11:38
673-9383,next day,2023-12-04,15:20:05
375-9927,standard,2023-08-27,07:42:31
736-7988,standard,2023-08-16,09:03:13
953-6229,express,2023-12-28,15:04:57
825-1220,standard,2023-06-21,13:53:35
441-1657,next day,2023-10-25,12:25:13
758-9289,express,2023-09-07,13:56:42
602-1740,next day,2023-09-29,08:56:24
917-4061,next day,2024-01-20,07:26:35
066-4823,express,2023-07-27,09:08:00
337-6958,express,2023-10-31,14:22:48
211-1330,express,2024-03-05,12:09:02
292-2045,express,2023-06-08,11:29:28
205-3303,standard,2023-09-03,08:30:23
934-9592,express,2023-12-03,16:27:47
587-5435,next day,2023-12-19,11:23:21
463-7628,next day,2024-01-06,15:43:56
324-7246,express,2024-03-10,12:58:53
554-6554,next day,2024-01-13,07:21:24
318-1270,standard,2023-12-06,09:02:37
751-4517,standard,2023-09-27,14:34:59
670-9902,standard,2023-10-28,11:36:26
170-9806,express,2023-10-23,12:34:39
310-1760,standard,2024-03-11,13:17:22
866-7770,express,2023-07-19,07:07:03
823-5929,next day,2023-07-01,12:33:12
910-8060,next day,2023-09-16,13:28:53
970-2736,standard,2024-03-31,14:52:57
984-1176,standard,2023-09-27,16:56:58
962-6724,next day,2023-06-28,16:09:47
053-5063,next day,2024-01-08,09:55:20
985-2785,next day,2023-09-10,10:13:17
908-4534,express,2023-08-26,09:32:26
666-8235,express,2024-01-26,10:29:16
077-1944,standard,2023-07-26,09:52:31
251-3274,next day,2024-03-17,08:12:56
626-4170,next day,2024-01-02,15:11:01
984-3712,express,2023-07-05,08:03:41
649-7502,next day,2023-07-16,11:48:32
604-4200,standard,2023-07-24,15:23:55
034-3359,standard,2023-08-03,15:07:00
689-6914,next day,2023-11-08,16:33:08
762-9600,next day,2024-01-24,10:35:01
068-0523,standard,2023-07-21,07:44:10
837-0117,standard,2023-07-27,09:26:01
343-8394,standard,2023-10-01,13:50:04
133-1655,next day,2024-01-19,12:40:51
725-2632,next day,2024-03-29,14:43:00
523-1622,standard,2024-02-08,12:26:53
899-9686,express,2024-03-07,08:00:07
830-6327,next day,2024-03-23,08:37:20
983-5552,next day,2023-11-21,14:56:59
197-5942,standard,2023-11-03,15:22:19
534-0539,express,2023-06-26,09:06:56
990-6017,next day,2023-10-11,15:16:54
182-6754,next day,2023-07-30,14:16:48
211-2645,standard,2024-01-16,13:21:10
462-3489,next day,2023-11-18,15:35:56
312-4758,standard,2023-07-16,13:43:49
497-8194,standard,2023-10-30,09:52:01
745-3655,standard,2024-03-20,08:10:46
284-5154,express,2023-12-11,12:37:11
336-8261,next day,2023-12-13,13:31:25
524-8220,express,2023-12-30,07:08:15
995-2690,express,2023-11-15,13:58:38
019-0093,standard,2024-02-09,12:06:04
422-8910,standard,2023-10-31,08:26:07
991-4799,next day,2024-02-12,12:04:15
798-2231,express,2024-01-12,10:40:14
985-3783,express,2024-01-18,09:51:17
311-9465,next day,2023-10-19,16:07:03
296-1804,next day,2023-07-14,11:12:42
892-7364,express,2023-11-12,16:31:09
201-0561,next day,2023-06-26,15:29:32
084-1454,express,2023-10-23,08:37:48
596-4395,next day,2023-07-03,11:18:09
011-9848,express,2023-07-27,12:13:41
289-2053,next day,2024-01-18,14:20:34
577-0444,next day,2024-02-13,09:39:17
585-7375,standard,2023-08-21,10:31:50
225-9507,standard,2023-10-13,16:08:34
088-0497,express,2023-10-01,15:31:48
564-5181,express,2024-03-26,16:49:08
275-0849,next day,2023-07-26,14:17:51
960-1966,standard,2023-07-14,09:07:58
759-1868,express,2023-08-17,09:31:47
902-6957,express,2023-11-21,09:09:57
223-5649,standard,2023-09-07,14:19:07
272-2904,express,2023-09-19,07:37:44
553-9119,next day,2023-10-16,08:30:38
291-3163,express,2023-09-03,16:53:18
143-5841,next day,2023-11-26,12:42:40
900-0767,express,2023-10-16,14:47:11
696-6018,express,2023-12-06,14:40:59
683-4389,next day,2023-07-05,12:00:55
902-4256,next day,2023-10-07,09:17:54
888-0445,next day,2023-10-23,15:37:45
056-2897,next day,2023-07-12,08:32:17
069-9586,next day,2024-02-10,07:56:14
097-6373,standard,2024-02-28,07:57:26
130-9306,standard,2023-07-31,09:27:37
072-0064,standard,2023-11-18,16:20:28
373-9650,express,2024-02-14,15:53:37
681-1989,express,2023-07-22,14:18:51
596-4942,express,2023-11-15,10:05:51
765-8141,next day,2024-02-12,12:15:14
142-4818,express,2023-09-02,09:45:21
178-5713,standard,2023-10-31,14:53:21
215-9881,next day,2023-11-07,16:47:35
490-1035,standard,2023-11-29,14:21:41
774-6623,express,2023-08-17,09:54:14
195-2950,standard,2023-06-12,07:01:00
548-5695,express,2023-08-26,16:20:52
296-7539,next day,2023-08-11,09:34:28
760-3559,next day,2024-02-22,14:09:49
030-6376,express,2023-10-02,07:01:11
598-6556,next day,2023-07-07,12:52:33
487-0765,next day,2024-02-17,13:12:56
147-4766,express,2024-03-03,09:59:25
673-5816,standard,2023-09-05,09:13:01
148-2544,next day,2023-10-18,14:36:48
372-1051,standard,2024-02-29,10:22:52
028-8638,standard,2023-09-22,10:17:15
520-3886,next day,2023-11-12,10:10:06
249-0156,express,2023-11-15,13:33:04
094-7941,next day,2023-12-20,15:37:41
301-4013,next day,2024-03-12,09:59:56
882-7245,express,2024-03-21,11:39:21
930-9704,next day,2024-02-23,08:15:18
080-6799,standard,2023-07-16,13:40:38
098-3566,express,2023-11-25,11:57:22
275-1631,express,2024-02-02,07:12:17
628-5015,standard,2024-02-08,13:42:49
995-3898,next day,2023-11-06,07:16:40
917-5080,next day,2024-02-16,11:31:18
941-0198,next day,2023-06-23,11:07:10
272-4905,standard,2023-10-14,08:04:16
299-7101,next day,2023-08-26,11:55:49
747-4441,standard,2024-03-15,11:41:05
201-5177,next day,2023-07-11,15:22:40
347-8281,standard,2023-08-16,15:32:36
475-6123,express,2024-01-20,16:31:56
049-4428,express,2023-12-14,14:31:43
841-0438,next day,2024-01-17,08:40:58
626-3236,next day,2023-11-21,12:12:23
235-3428,express,2023-11-05,10:27:58
811-2080,standard,2023-09-22,12:43:47
878-5051,express,2023-10-26,15:09:47
959-2777,standard,2023-10-17,15:50:09
048-7258,next day,2023-12-29,08:03:05
547-6774,next day,2024-01-04,09:14:42
121-6947,express,2024-02-29,14:20:49
850-5381,express,2024-02-27,16:06:10
332-1935,express,2023-06-24,13:14:05
824-5977,express,2023-11-28,15:24:08
916-4139,next day,2023-11-25,16:24:34
237-2887,next day,2023-10-13,09:50:39
913-1911,express,2024-02-07,08:58:58
299-2694,standard,2024-02-29,10:25:03
231-1979,express,2023-10-22,11:11:09
107-6284,standard,2023-09-16,16:46:42
767-4871,standard,2024-02-21,16:56:41
326-1553,standard,2023-07-05,15:36:26
767-9088,express,2023-06-05,12:59:07
435-2910,standard,2023-09-04,07:45:13
324-2612,standard,2023-10-09,12:46:51
394-3049,express,2023-07-16,07:34:40
131-2777,next day,2024-03-14,08:01:39
820-7940,next day,2023-11-23,11:48:04
366-6136,standard,2024-03-30,15:07:50
945-1514,standard,2023-12-15,13:48:17
183-2575,express,2023-09-19,08:49:55
748-1831,next day,2023-12-03,13:57:32
316-9050,standard,2023-08-28,14:10:38
618-6542,next day,2024-01-09,10:32:00
000-8963,next day,2024-02-06,16:25:13
778-2916,next day,2024-02-14,10:54:17
364-8829,express,2023-09-24,14:55:05
816-1277,next day,2023-08-12,16:59:58
604-4035,standard,2023-07-16,16:33:25
553-7510,standard,2023-08-06,15:20:19
404-3943,express,2024-02-25,12:49:46
694-8206,next day,2023-10-18,12:52:26
431-3361,next day,2023-09-02,16:18:12
998-1464,express,2024-02-17,14:50:12
760-0694,standard,2024-02-10,09:54:56
794-7570,standard,2023-09-02,08:05:12
839-4740,express,2023-07-01,16:32:28
858-1178,express,2024-02-26,08:01:23
335-4234,standard,2023-10-19,07:36:33
259-3220,next day,2023-06-05,08:18:45
283-5867,express,2023-06-23,15:36:10
877-5542,express,2023-07-07,07:04:34
830-5608,standard,2024-03-29,07:35:54
009-6173,express,2023-07-04,10:50:35
724-3509,next day,2024-02-12,10:31:03
316-8953,standard,2023-11-24,14:24:20
590-1104,standard,2023-06-10,07:28:06
861-7531,express,2023-06-16,09:32:54
519-8344,standard,2024-04-04,12:55:48
685-5716,standard,2024-02-19,10:34:34
471-1418,next day,2024-02-20,09:46:22
775-5501,standard,2023-09-15,15:02:07
446-1639,next day,2023-08-10,13:01:44
424-3415,express,2024-01-12,08:06:16
915-4204,express,2023-06-25,09:08:55
571-2915,standard,2023-11-16,15:02:30
616-0762,express,2023-06-22,13:09:17
375-5959,standard,2024-03-19,15:44:17
278-6297,standard,2024-03-12,13:15:44
723-1116,next day,2023-07-02,14:12:57
459-4330,express,2023-12-08,14:41:44
027-8456,next day,2024-01-28,08:23:09
923-4548,next day,2023-10-03,07:37:36
152-0738,express,2024-02-21,11:38:19
430-3441,next day,2024-03-22,07:40:07
952-7586,next day,2023-08-31,12:18:46
947-2098,next day,2023-11-14,14:46:36
628-6161,standard,2024-03-04,12:19:57
596-1009,standard,2023-11-21,13:20:36
477-5379,express,2023-09-03,12:40:15
769-6723,express,2024-02-28,13:48:52
576-2065,standard,2023-06-15,16:54:06
382-7415,express,2023-11-03,15:22:51
983-1922,standard,2023-08-27,14:35:40
307-0436,standard,2023-07-18,16:41:15
335-2043,next day,2023-11-30,16:15:25
538-9731,next day,2023-11-29,07:56:23
693-3133,standard,2024-02-08,16:54:25
526-6284,standard,2023-09-04,11:54:36
678-2244,next day,2024-01-24,11:29:57
150-0222,express,2023-06-14,10:53:43
601-3466,express,2023-11-14,07:11:06
339-6496,next day,2023-07-06,08:48:10
163-4464,standard,2023-10-31,10:35:52
502-8218,express,2024-03-10,07:39:08
555-5802,standard,2023-08-16,07:16:14
076-0697,standard,2024-04-05,16:54:47
483-7431,standard,2023-08-06,13:18:27
047-1436,express,2023-08-15,16:40:19
848-4088,express,2024-03-14,16:18:40
141-7597,standard,2023-12-14,14:44:09
565-0584,express,2023-12-02,11:03:46
600-9783,standard,2023-09-14,12:33:04
070-4714,express,2023-08-23,10:49:55
341-1257,standard,2023-11-17,13:22:30
938-1011,standard,2023-10-25,15:00:27
467-4527,standard,2024-03-28,15:22:14
072-6228,standard,2023-07-28,10:35:09
226-2884,standard,2023-06-15,10:51:21
288-8343,standard,2023-11-23,10:15:42
549-6876,standard,2023-12-11,08:49:12
223-5198,standard,2023-10-11,14:37:58
065-8109,standard,2023-11-08,12:47:06
776-6965,next day,2023-06-11,16:10:56
594-2917,next day,2024-02-27,15:51:20
589-5689,standard,2024-02-17,16:49:30
893-1516,express,2023-07-09,10:28:22
681-8582,express,2023-06-21,16:27:43
634-5431,standard,2024-01-12,10:13:14
574-7634,express,2023-12-11,15:09:01
934-6932,express,2023-09-15,13:53:36
582-0888,next day,2023-12-31,13:27:57
601-9914,standard,2024-03-01,13:25:29
553-2380,standard,2023-09-28,13:29:07
964-5342,express,2024-03-27,12:59:43
067-1757,next day,2024-03-26,12:46:03
195-9785,express,2023-07-04,11:01:57
238-8677,express,2023-08-24,14:10:40
465-6448,standard,2023-06-28,16:54:48
706-7048,next day,2023-06-23,10:14:34
760-0992,standard,2024-01-31,07:53:42
604-5231,standard,2024-03-19,15:14:00
752-6873,express,2023-12-17,09:22:12
641-8565,express,2023-07-13,08:10:24
950-9966,express,2023-07-07,16:52:40
057-7131,express,2023-11-15,08:11:24
720-3966,standard,2023-07-14,14:25:30
534-9400,next day,2023-09-21,12:58:55
259-2455,express,2024-03-21,12:11:35
539-2615,standard,2023-09-18,11:56:38
474-0285,standard,2023-10-23,07:13:33
964-1409,express,2024-02-26,16:39:31
819-0092,express,2023-12-18,12:22:45
944-5134,standard,2023-07-11,14:43:05
314-7536,standard,2023-06-14,09:17:09
326-0119,standard,2023-09-13,13:08:41
120-8731,next day,2023-06-24,07:44:06
007-0296,standard,2023-12-03,07:57:52
717-6570,next day,2023-09-08,16:46:26
306-4622,express,2024-01-03,08:32:29
933-7687,standard,2023-08-07,08:42:17
829-8200,standard,2023-06-28,11:49:44
264-3626,standard,2023-12-09,14:56:12
985-5149,next day,2024-02-13,12:32:01
367-2567,next day,2023-08-04,13:49:13
575-6682,standard,2023-06-14,12:56:15
648-4944,express,2023-12-13,09:09:10
419-3729,express,2024-01-31,16:25:15
963-4628,standard,2023-09-24,07:14:29
239-0639,standard,2023-07-29,12:27:33
363-5576,express,2023-07-28,11:31:23
685-4816,standard,2023-12-18,13:15:50
607-9129,standard,2023-08-22,13:55:29
143-2869,express,2024-03-12,09:58:08
102-6072,next day,2024-03-12,12:23:05
546-9479,next day,2023-09-09,09:25:12
181-7307,express,2024-03-06,16:01:14
084-8853,next day,2023-10-10,15:00:07
517-4446,next day,2023-12-31,12:09:37
439-7702,express,2023-12-24,11:18:10
027-0387,standard,2023-10-07,14:21:53
415-4855,express,2023-12-25,07:52:51
125-2724,standard,2023-12-31,13:25:04
148-9636,standard,2024-04-01,15:38:34
317-0470,next day,2024-04-01,09:48:25
216-8840,express,2023-07-13,12:22:38
256-3558,standard,2023-11-29,16:28:18
734-0979,express,2023-11-17,09:48:37
111-8689,standard,2024-01-16,10:36:31
334-7499,next day,2023-11-07,14:15:14
629-7461,express,2023-12-17,08:50:46
973-5954,express,2024-01-02,11:33:45
069-7624,standard,2023-09-05,13:21:15
137-7001,express,2024-01-20,11:44:40
425-6287,next day,2023-07-01,13:38:57
422-1758,express,2023-11-11,08:20:04
884-7209,express,2023-11-04,09:26:31
555-5087,standard,2023-08-04,12:24:21
959-7352,next day,2023-11-17,10:51:07
989-4143,express,2023-12-24,14:26:46
747-7885,standard,2023-09-08,13:18:44
773-4028,next day,2024-01-01,13:39:30
974-2004,express,2023-09-23,10:55:16
848-3083,standard,2024-01-05,14:03:06
239-2972,express,2023-11-21,10:55:49
504-3266,next day,2024-03-17,07:52:05
706-5894,express,2023-06-12,11:11:55
851-5562,standard,2024-02-08,14:47:46
032-0753,next day,2023-12-23,08:57:10
721-6787,standard,2023-12-29,16:30:59
368-0436,standard,2023-12-31,14:49:02
122-8932,next day,2023-10-08,09:24:00
429-5907,standard,2023-12-06,07:36:11
004-5023,next day,2024-01-14,09:19:08
799-9869,standard,2023-12-23,11:33:43
429-0524,express,2023-11-24,07:19:59
607-1172,next day,2024-01-04,07:39:10
582-7301,next day,2023-08-16,12:38:41
297-5894,next day,2023-07-04,15:28:25
338-2014,express,2023-06-18,14:33:55
269-0687,next day,2024-03-09,08:28:36
105-1579,express,2024-01-03,13:36:00
790-5047,next day,2023-06-17,08:43:31
152-5766,express,2023-09-06,10:46:50
677-4160,express,2023-10-18,11:02:55
347-4704,next day,2023-06-30,08:29:30
139-1409,next day,2023-07-19,12:12:02
135-5529,express,2024-03-13,16:58:27
617-1192,standard,2023-10-31,14:59:04
601-2720,express,2024-03-11,12:34:56
047-5156,express,2024-01-08,15:08:18
987-2392,next day,2023-10-22,08:26:53
243-2354,standard,2023-06-25,15:38:18
373-6599,next day,2023-10-18,15:00:35
460-7157,standard,2023-09-27,15:49:58
496-9973,standard,2024-03-17,13:27:59
643-6112,next day,2023-06-02,12:48:42
012-8202,express,2023-11-19,14:53:05
841-9099,express,2023-11-07,07:04:29
848-1827,standard,2023-06-29,09:27:15
612-1212,express,2023-12-07,10:37:34
755-6962,next day,2024-01-01,07:47:49
942-8422,next day,2023-09-29,14:41:17
420-5510,express,2023-10-30,07:23:13
178-3159,standard,2023-06-23,13:39:04
246-1981,express,2023-06-08,15:29:00
402-1739,standard,2024-02-15,12:31:43
224-0314,express,2023-12-26,12:34:16
973-1753,express,2023-07-24,15:10:01
719-9055,next day,2023-12-20,14:14:19
213-4010,express,2024-03-04,13:46:51
793-1695,express,2024-03-07,13:07:38
858-3991,standard,2023-06-13,16:46:45
501-8168,express,2024-02-03,14:02:16
986-6050,next day,2023-06-07,11:27:39
324-6010,express,2023-07-11,08:10:58
434-5873,express,2023-11-20,12:50:06
527-2235,next day,2023-10-28,12:18:22
424-7556,next day,2023-07-20,09:21:28
341-6675,express,2023-10-14,15:36:35
562-4621,next day,2023-11-10,14:31:07
666-6868,next day,2024-02-21,12:25:47
607-7187,standard,2023-12-30,13:38:27
453-0067,express,2023-06-26,08:35:02
165-5099,express,2023-11-09,13:52:41
188-0985,next day,2024-01-16,08:40:30
525-4401,next day,2023-09-27,12:43:07
522-4641,next day,2023-09-23,13:07:17
281-3728,standard,2024-01-18,13:04:40
177-3689,express,2023-08-18,13:42:54
655-0277,express,2023-10-30,15:59:30
010-5520,next day,2023-09-26,08:36:54
362-7379,express,2023-06-15,09:36:10
045-1319,express,2024-03-17,11:21:31
683-7557,express,2023-06-22,15:48:00
732-0478,standard,2023-09-05,08:43:04
602-0445,express,2023-06-12,13:01:22
