customer_id,order_id,order_date,order_time
YTS-92438,AAD-4091,2023-11-10,05:43:29
BWU-36083,AAK-0526,2024-02-09,14:20:43
CLZ-73501,AAK-6361,2024-03-28,20:29:45
KCQ-71974,ADJ-5614,2023-11-19,23:34:47
GSB-19226,ADJ-6838,2023-08-02,11:28:04
ONK-54643,ADV-4775,2023-10-26,14:14:09
VEY-83651,ADV-7947,2023-11-10,00:18:36
PSF-02302,ADX-1928,2024-02-27,23:45:21
XAL-14169,ADX-2356,2024-03-17,14:09:33
ZNI-36130,AFD-0715,2023-09-28,13:17:24
GEP-35815,AFR-2862,2024-03-16,14:02:34
JCE-45562,AFR-8446,2023-09-09,10:21:01
CAL-31966,AGI-1868,2023-12-19,13:50:26
CMY-73211,AGI-3011,2023-06-02,03:46:30
ZCN-40337,AHD-2283,2023-11-11,19:03:48
ZLR-94414,AHE-2371,2023-10-23,09:10:42
RHA-97388,AHE-4748,2023-08-25,02:39:13
OSB-77289,AIP-1362,2023-09-21,05:21:22
KID-91654,AIP-9499,2023-10-17,02:47:42
OXZ-74933,AJN-2637,2023-11-07,20:32:16
KMO-59963,AJN-7103,2023-07-07,13:10:30
FNS-68804,AJZ-0374,2023-10-04,13:30:54
HTU-65749,AJZ-8795,2024-03-30,10:23:53
NZR-48213,AKD-1793,2023-06-30,17:33:25
TYV-02102,AKD-2599,2023-12-12,05:06:59
MGO-93456,AKU-5946,2024-02-14,01:05:03
RPD-42853,AKU-6436,2023-11-27,08:05:32
VHG-94089,ALF-9335,2023-06-15,04:48:54
WRU-36151,ALI-8785,2024-01-01,21:40:38
FXN-53707,ALM-0482,2023-10-11,05:09:58
PTQ-44693,ALM-2055,2023-09-03,04:27:02
INZ-84177,ALM-4713,2023-10-27,20:43:28
XHL-69925,ALM-7932,2024-02-25,08:18:46
SAX-35594,ALN-4221,2023-11-10,09:22:07
MQV-12400,ALN-4949,2024-01-14,00:34:39
DMK-65903,ALQ-2841,2023-09-18,21:35:13
EVB-64319,ALQ-3792,2024-01-24,20:00:51
APZ-62721,AMB-4606,2024-03-30,03:14:24
ALK-56502,AMB-6428,2023-07-05,16:58:49
LTW-21557,AMK-6233,2024-03-08,01:18:16
HYP-42158,AMK-6934,2023-08-29,06:56:56
PAF-44089,AML-1643,2023-11-06,09:00:09
WBR-75402,AML-9240,2023-11-16,00:01:43
BVT-77023,AOB-8105,2023-10-07,02:40:19
BJF-99781,AOB-9966,2024-03-30,13:04:19
ZQL-96692,AOH-5650,2024-02-14,23:03:19
AHJ-12824,AQM-0605,2023-09-18,15:04:56
KGG-31668,AQM-2066,2024-03-01,20:22:40
AHJ-34602,AQM-8144,2023-09-28,20:02:27
OMY-58623,AQM-9075,2023-12-13,05:38:05
ILK-79470,AQQ-3884,2024-02-06,13:11:10
FSD-17874,AQQ-5504,2023-06-10,04:25:02
JCD-49823,AQY-5450,2023-09-11,21:24:33
GEN-42720,AQY-6898,2023-07-21,15:34:34
GVE-88512,ARO-8544,2024-01-15,03:35:58
KDY-34831,ARO-9201,2023-08-12,23:01:14
AOY-81142,ASL-2040,2023-08-21,18:05:43
AXT-62647,ASL-8773,2023-07-27,19:02:15
ECY-19008,ASS-1835,2023-06-13,05:07:11
FNB-55327,ASS-7428,2023-07-05,11:12:41
PME-65620,AUC-6320,2024-01-29,04:38:39
KVB-79323,AUC-7002,2024-03-21,19:05:20
MDA-39179,AVE-7699,2023-12-11,08:06:55
RLD-23191,AVE-8971,2023-08-23,13:06:05
XYR-46722,AVG-6526,2024-03-06,00:19:24
QDW-39457,AVG-7606,2023-07-02,07:38:59
KNT-07817,AVH-7016,2023-12-18,06:25:39
PCN-85238,AVH-8821,2024-03-30,04:19:48
SOJ-27421,AYK-2917,2024-03-24,22:10:33
XIO-34283,AYT-4578,2023-08-06,02:03:09
PTQ-84464,AYT-6177,2023-10-20,18:56:28
JLM-75527,AYV-4333,2024-02-15,16:06:09
GJS-06694,AYV-8461,2024-03-09,08:22:39
SDL-46841,AZJ-0233,2023-12-15,01:09:07
WTM-36992,BBD-7836,2024-03-03,10:34:50
WKT-08100,BCF-7965,2024-01-11,21:11:41
PJH-52727,BCF-8202,2023-12-29,09:57:45
ZVS-42143,BCP-5980,2023-07-06,19:34:41
YIP-22314,BDI-0728,2024-01-02,11:15:19
ELY-26529,BDI-4078,2024-01-23,12:38:06
GAH-23075,BDI-6549,2023-07-13,21:52:27
HFI-23645,BDS-3831,2023-06-11,10:30:01
FIA-58646,BDS-4345,2023-10-25,18:51:35
SQO-39829,BFO-5717,2023-07-08,11:33:34
AZJ-73183,BGB-6723,2023-07-19,18:00:58
APZ-62721,BGB-9670,2023-10-15,04:35:58
GKD-77770,BGD-0906,2023-11-09,04:34:22
JPF-38185,BGD-1008,2023-06-03,21:54:15
PKX-19625,BGH-2064,2024-03-24,18:29:58
KUY-60927,BGH-7572,2023-09-22,09:26:17
SPX-35317,BHW-5698,2023-10-08,17:55:36
UVI-08265,BJC-4381,2024-01-11,15:47:29
TND-86192,BJG-1401,2023-12-21,17:45:02
BFB-40374,BKA-5060,2024-02-25,02:54:23
BNS-34294,BKA-7081,2023-10-20,14:45:01
NML-75856,BKV-1136,2023-09-24,08:38:16
TDK-54609,BKV-9254,2023-06-21,02:00:00
YBH-36909,BKW-0726,2024-01-03,09:55:34
RTA-59329,BLC-3839,2023-06-19,17:44:39
DKJ-08990,BLN-4803,2023-07-03,09:23:26
CLV-64992,BLN-5257,2024-03-07,00:30:46
SUY-32448,BMZ-1701,2024-03-05,01:58:13
NCN-86554,BMZ-4524,2023-08-09,23:24:00
XBA-65202,BNQ-2660,2023-07-01,08:55:24
DTP-46176,BNQ-6169,2023-08-09,11:12:10
FGB-33515,BNQ-8615,2023-07-01,06:56:10
KKT-52545,BNW-1398,2024-03-09,11:55:03
HBP-39672,BNW-6033,2024-03-17,02:44:00
TXX-30500,BOC-4216,2024-02-03,06:57:15
KDS-92306,BOF-4588,2024-02-06,09:50:06
GUC-45683,BOF-9366,2023-08-02,02:59:01
VKB-50061,BQC-6719,2023-11-29,07:10:34
ZBQ-62002,BQG-2887,2023-08-14,00:10:15
FHC-82833,BQY-4645,2023-08-13,04:06:10
DTZ-99095,BQY-6188,2024-03-14,18:06:29
MAN-10244,BSA-2556,2023-12-24,05:26:12
IDV-44801,BSA-9950,2023-09-26,07:30:42
YMC-82707,BSH-6224,2023-10-30,15:30:38
EKI-49433,BSX-5847,2023-07-11,11:51:34
DAU-85706,BSX-8106,2023-12-14,17:20:11
BNK-18629,BTH-4367,2023-08-28,16:45:48
BCX-52224,BTH-6923,2023-12-26,12:44:42
OEI-47622,BUX-1607,2023-06-04,17:39:12
KDC-35155,BUX-6060,2024-02-26,14:24:10
IQK-30834,BVV-4070,2023-07-16,18:46:51
MJA-98763,BVV-9145,2023-07-12,13:46:32
UDW-35134,BWO-5755,2023-09-24,22:39:18
GVG-31198,BYH-3021,2023-06-05,21:22:28
KEY-75125,BYH-6718,2023-09-01,16:45:28
MFD-59251,BYI-5344,2023-12-26,16:31:09
RMN-33213,BYI-5680,2023-08-08,00:10:37
BAO-19729,BYQ-5863,2024-03-24,21:10:09
AQS-39537,BYQ-9176,2023-08-23,08:53:24
KBL-88890,BZL-1277,2024-01-03,14:50:33
OCG-16513,BZL-6640,2024-02-17,16:11:58
GSB-19226,CAC-4128,2023-12-18,23:07:57
FDT-82735,CAC-5901,2023-08-14,16:07:08
WBZ-78097,CBC-4805,2023-11-30,02:11:04
ATD-97183,CBY-3789,2023-08-22,15:24:35
BCO-22668,CBY-6298,2023-09-11,19:24:07
DHT-25225,CCX-1923,2024-03-10,21:02:42
ENY-48834,CCX-2401,2023-08-29,06:30:30
TSK-44407,CDA-4741,2023-06-05,20:01:47
NTC-36262,CDA-7419,2024-03-05,17:28:03
KWF-02995,CDN-6612,2023-09-16,03:27:33
PPP-76997,CDN-7279,2023-10-13,20:16:30
JFU-70895,CDT-1329,2023-10-22,21:58:17
NGC-71356,CDT-5091,2023-10-29,16:12:10
QDJ-65351,CEC-0801,2023-10-12,13:30:14
XYM-68988,CEC-5176,2024-01-13,21:58:42
VYA-02903,CET-9716,2023-09-15,23:44:19
FII-44717,CFY-5731,2023-07-31,01:47:06
HIT-26425,CFY-8370,2023-06-25,17:05:54
UUC-42190,CGO-6337,2024-02-11,08:37:58
JFM-85395,CGT-3066,2024-02-03,23:55:02
NFG-16496,CGT-7134,2023-08-28,14:43:01
RLF-61765,CHB-5498,2023-10-28,06:39:29
TSY-49316,CIM-9073,2023-06-05,08:01:57
QFS-92539,CJF-2663,2023-08-16,10:36:33
YAI-38581,CJF-5113,2024-01-14,22:52:51
GLF-84417,CKU-2494,2023-06-10,12:20:33
EUV-37583,CKU-5692,2023-12-19,00:06:40
FGB-33515,CKX-0597,2023-10-07,09:59:27
HAK-97609,CKX-3674,2023-12-02,20:34:42
NXR-35045,CLI-1946,2023-11-11,14:23:48
RXH-26896,CLI-2184,2024-03-10,22:14:53
MPZ-49334,CLI-2562,2024-01-26,14:26:23
TYI-19665,CLI-6355,2023-07-02,07:10:18
ATW-85486,CLL-1219,2023-09-28,07:18:13
ANQ-47077,CLL-4654,2023-06-01,19:04:19
TOT-87420,CLW-5539,2024-03-07,00:52:49
ZGW-67128,CMO-5303,2023-12-30,04:44:22
HDV-58110,CNG-3123,2023-07-09,12:47:49
FHG-48761,CNG-8096,2023-12-13,01:35:47
MLY-44705,CNO-5805,2024-02-14,15:00:15
IRT-45168,CNO-8928,2024-01-30,01:16:47
EJE-38655,COH-0599,2024-03-20,03:07:21
FPH-26407,COH-2531,2024-01-25,06:08:46
EHM-45282,CPU-7981,2023-09-09,17:04:12
CYZ-85085,CPU-8388,2023-10-07,15:19:33
MAP-01921,CPV-1160,2023-07-18,09:29:24
IEY-00277,CPV-5603,2023-09-26,06:12:05
TGE-89868,CQA-4640,2023-07-24,12:56:50
AHJ-12824,CQW-2357,2024-02-12,01:25:53
AFJ-00690,CQW-4715,2023-11-01,03:01:37
XSI-38994,CRU-0044,2023-12-31,05:50:04
NVR-12536,CSA-1171,2023-11-07,05:53:14
JVC-81248,CSA-4429,2023-12-10,12:28:15
YFL-42376,CSD-6250,2023-10-25,10:06:55
XNP-94128,CSM-2366,2023-07-01,21:17:06
LGB-46086,CTB-1064,2024-01-30,07:20:13
HPY-58978,CTB-1094,2024-01-30,21:58:12
UBM-00039,CTR-4140,2023-08-23,12:58:07
VLD-69354,CUR-1120,2023-08-09,18:50:13
YLH-27164,CVK-0300,2023-06-13,20:18:42
CAU-17821,CVV-1670,2024-01-27,10:40:07
CNC-98914,CVV-5797,2024-03-11,19:18:22
ZVA-78061,CWA-2047,2024-03-03,05:12:54
RKI-68446,CWA-8357,2023-12-23,03:20:57
LCJ-06624,CWF-1856,2023-11-16,00:02:51
PSP-25466,CWF-4937,2024-01-29,07:46:07
HOP-91174,CWF-9028,2023-07-01,13:11:16
XBJ-83001,CWF-9967,2023-06-08,21:46:58
NYD-84187,CWL-3700,2023-08-17,16:27:59
TYU-56030,CWL-6318,2024-03-22,14:55:02
FEK-94166,CZA-5042,2024-03-15,03:17:35
GSW-85363,CZA-8224,2024-01-15,00:46:23
JCD-49823,CZC-6619,2023-12-31,07:39:20
NAT-21446,CZC-9248,2023-12-07,13:25:01
KZR-40884,CZW-2874,2023-12-21,19:38:38
HNB-99780,CZW-3555,2023-12-30,04:28:46
MOD-39400,DAA-5740,2024-03-25,09:14:52
IUP-92858,DAA-8457,2023-09-05,08:06:13
LGB-46086,DAH-0916,2023-07-30,14:57:36
PWC-77972,DAH-3909,2024-02-04,04:44:04
YUU-44827,DAV-8597,2023-09-30,02:29:19
NCN-86554,DBA-4018,2023-06-29,18:01:43
JCK-00958,DBA-7480,2024-01-13,07:35:35
VYN-36891,DBL-0030,2023-08-11,20:56:56
KIA-16861,DBS-4400,2024-01-24,20:38:42
GZM-55936,DBS-8982,2024-01-12,00:00:24
QDJ-65351,DBZ-7303,2023-06-09,21:07:14
LIZ-77971,DBZ-8759,2024-02-24,21:47:57
IYD-73813,DCU-7039,2023-07-13,02:48:33
MUJ-38537,DCU-7742,2023-10-11,14:17:53
DXG-80979,DED-2131,2023-09-08,15:35:57
FIA-58646,DED-5347,2023-07-18,23:18:42
LII-77388,DEL-0574,2024-03-14,15:57:45
PZJ-80163,DEL-4704,2024-03-21,13:55:57
ZAX-99759,DGU-5767,2023-06-30,04:37:39
CBF-75520,DGZ-1937,2023-11-22,16:52:17
COO-27600,DGZ-4778,2023-11-03,10:11:05
ZSF-85245,DHS-4040,2024-01-09,09:10:27
HTI-35044,DHT-5479,2023-12-24,04:42:08
LII-77388,DHT-6549,2023-10-26,00:35:10
ZGW-67128,DIC-6307,2024-02-06,10:36:50
RDA-29217,DIC-8730,2023-09-19,10:17:08
FTW-91813,DIG-1827,2023-08-08,23:39:06
INC-21330,DIG-8805,2023-06-30,03:16:00
AEA-09221,DIJ-6983,2023-11-29,18:14:01
ADR-99282,DIJ-8816,2023-06-10,13:42:21
DWS-45315,DJU-2119,2024-01-24,14:52:45
FHM-91166,DJU-7809,2023-07-12,20:44:29
BLJ-90345,DKO-3477,2023-07-15,03:52:17
BYH-56417,DKO-5953,2023-09-18,00:10:22
EJM-74328,DLB-4359,2023-10-07,20:31:04
DAP-69878,DLB-9544,2023-12-03,23:31:02
KPP-31429,DLK-1814,2023-12-05,17:24:38
RZR-36426,DLK-3445,2023-06-16,17:31:30
PEF-11019,DLK-8525,2023-09-16,07:55:47
RZR-36426,DMO-4755,2023-10-06,11:38:22
MQN-93376,DMO-7938,2023-11-30,15:28:19
VQR-70460,DNO-3942,2023-09-21,01:00:32
FHC-82833,DOC-0894,2023-07-18,12:29:15
HBP-39672,DOC-5176,2024-02-25,14:41:50
KNI-94352,DOF-5194,2023-10-25,16:25:50
HCW-37454,DOF-6311,2024-02-09,16:51:01
HFC-91910,DOX-1375,2023-10-20,13:39:44
FHR-67531,DOX-3535,2023-12-15,10:20:29
UKT-78314,DPO-6365,2024-03-30,08:00:16
BMV-68778,DPY-2390,2023-07-17,09:17:30
CAX-18205,DPY-4843,2023-09-13,04:19:07
GQD-64084,DQF-1493,2023-09-21,02:13:38
FCZ-42180,DQF-4586,2023-10-07,13:48:55
ELY-26529,DQL-4231,2023-08-19,19:31:47
DFS-61126,DQL-5431,2023-07-27,22:08:53
JVH-89975,DQP-0847,2023-10-08,23:03:13
NWH-68847,DQP-4832,2023-07-11,01:50:44
EOC-37292,DQZ-1022,2023-12-12,02:44:30
DIG-60917,DQZ-8757,2023-07-25,19:13:24
AEZ-15238,DUN-4052,2023-09-04,18:07:54
AFJ-00690,DUN-9295,2023-07-05,03:52:54
WZY-70963,DVM-5666,2023-10-27,03:59:52
QKP-52017,DVR-2436,2023-11-06,02:44:51
YFL-42376,DVR-7186,2023-06-14,01:09:50
RCY-97051,DVU-4353,2023-11-12,13:35:27
MAD-00375,DVU-7848,2023-08-26,13:23:50
MSW-94424,DVX-3486,2023-07-13,19:05:39
SEP-98075,DVX-7387,2024-01-28,01:59:33
CPF-34515,DXM-0633,2023-08-07,16:33:31
DUB-02729,DXM-8024,2024-01-25,21:54:57
RBZ-83975,DZK-1548,2024-01-31,04:56:32
ZEC-71597,DZK-4540,2023-06-24,16:09:03
GPA-18973,EAF-6639,2023-11-19,10:34:13
FCR-48167,EAF-7597,2023-11-06,14:37:15
WJB-51886,EAV-2624,2023-09-01,23:38:05
PIH-41492,EAV-5405,2023-10-01,11:03:26
AHN-01521,EBG-2274,2023-12-26,02:49:48
ANE-25345,EBG-5393,2023-06-22,23:15:40
SNG-02319,ECP-3196,2024-01-07,20:13:23
RJO-74023,ECT-3313,2023-09-20,01:04:57
FLF-90589,ECT-3478,2023-09-21,13:52:23
HNB-99780,ECT-6016,2023-07-13,21:39:28
ZSK-47154,ECT-9836,2023-06-01,12:02:06
JWP-50932,ECW-2218,2023-06-02,03:06:54
GOC-19908,ECW-2244,2023-08-23,02:44:14
SQK-49181,ECZ-4090,2024-03-26,21:25:03
POA-90163,EEL-3044,2024-02-26,23:32:52
KWB-69863,EEL-7605,2023-09-23,21:47:45
RFQ-28525,EET-4963,2023-08-08,11:52:49
ZKR-28546,EET-7560,2023-09-27,15:12:34
BRA-14801,EFL-1371,2023-07-16,23:51:22
BIY-61464,EFL-9313,2023-06-16,20:46:56
HSB-89545,EFW-2739,2023-07-09,09:20:49
LIC-37864,EFW-9493,2024-01-17,21:24:54
AAN-28190,EGN-7193,2023-09-05,07:29:20
AAN-28190,EGN-7461,2024-02-08,09:18:49
CEH-76229,EGN-8237,2023-11-13,02:06:13
CSX-45498,EGN-9012,2023-07-31,23:38:49
QEL-73614,EKS-2947,2023-10-14,17:17:17
LKO-10091,EKS-9120,2024-01-05,11:51:15
FCF-82879,ELR-2487,2023-09-30,01:53:52
GOK-32300,ELR-2695,2023-12-17,18:18:50
YPV-99461,ENJ-2000,2023-11-16,13:42:47
UJG-93488,EOX-3072,2023-12-04,03:33:16
VEY-83651,EQJ-4082,2023-09-29,20:24:53
FNG-65785,EQS-3072,2023-11-22,06:21:20
HTI-35044,EQS-4690,2024-03-27,02:08:34
MAN-10244,ERS-1685,2023-07-29,09:39:53
RFM-18581,ERS-7904,2023-09-20,00:05:28
YOX-67142,ERT-4184,2024-01-21,01:33:10
NRZ-66083,ERU-1269,2024-03-20,19:05:07
TNT-21649,ERU-3274,2023-10-27,04:13:45
UQG-20491,EST-7768,2024-01-08,17:56:42
YDY-00239,ESY-1931,2023-08-30,10:35:46
DTO-70277,EUQ-6528,2023-11-09,03:42:18
FFA-31312,EUQ-9835,2024-01-29,14:49:23
PSF-02302,EUZ-4443,2024-01-15,09:53:10
KYG-48550,EUZ-7821,2023-08-30,02:08:03
MLH-46206,EVC-7619,2023-07-27,20:03:57
IQS-64806,EVC-8266,2023-06-23,10:00:07
LKO-10091,EVL-1731,2023-06-10,02:39:07
HTU-65749,EVL-3741,2023-09-02,19:35:45
WIR-56372,EVS-8825,2023-08-04,13:59:36
MSW-94424,EVZ-6721,2023-12-17,03:44:40
IWL-78224,EVZ-8032,2023-09-15,22:40:52
ZLR-94414,EVZ-9488,2023-11-06,10:12:09
QQW-02433,EWK-2519,2023-09-05,05:28:20
YQO-96638,EWK-5237,2023-11-01,03:33:38
KZH-92587,EXR-1580,2023-10-06,21:13:03
HMV-04314,EXR-9464,2023-12-17,21:50:49
FAN-11590,EYP-7231,2024-03-15,13:41:10
GOC-19908,EYP-8136,2023-12-27,00:02:10
XIO-34283,EYW-5264,2023-08-15,20:44:22
NSN-43932,EZG-1941,2023-11-10,01:45:11
JPN-03467,EZG-4739,2023-07-22,18:57:23
HML-31384,EZL-1343,2023-06-21,09:02:12
KWB-69863,EZL-1961,2023-07-03,14:23:23
OWM-68843,EZW-4349,2023-11-04,16:45:11
KKC-76152,EZW-7775,2023-06-22,07:48:45
VYV-53126,FBI-4125,2023-09-13,17:28:13
OXZ-74933,FBI-5826,2023-07-20,20:13:08
ERK-10054,FCV-2770,2023-09-13,10:58:40
GIC-61064,FCV-8062,2023-11-15,23:43:51
TDK-54609,FDA-4729,2023-07-15,16:35:38
PDR-60940,FDS-2600,2023-08-07,22:51:09
WEU-09776,FDS-4013,2024-03-30,22:20:47
SWR-22948,FEX-0222,2023-09-07,22:52:34
ZSE-60594,FFA-9505,2024-02-14,07:08:51
OKK-71392,FFD-2139,2024-01-09,07:14:20
UXO-56285,FFD-9157,2024-01-14,20:23:03
GAE-67331,FFG-2338,2024-01-03,08:39:58
IWL-78224,FFG-4843,2023-11-17,10:37:00
LSO-35724,FFT-2192,2024-01-10,19:58:23
HWB-70048,FFT-8410,2024-02-25,19:07:52
INP-93845,FFW-3006,2023-06-18,09:02:12
FUE-17081,FFW-6197,2023-09-26,11:35:08
AEP-92106,FGE-3992,2024-03-31,09:04:47
AEZ-15238,FGE-6033,2023-11-08,19:46:31
FLF-90589,FGI-8849,2024-01-02,19:57:36
ECY-09203,FGI-9842,2023-09-02,00:01:25
LSP-41166,FGO-7934,2024-01-17,02:42:14
QSC-51708,FGO-9926,2023-11-13,05:02:26
QGM-02495,FHE-1016,2024-01-10,17:52:33
LMU-78759,FHE-8338,2023-09-04,20:43:46
SVK-49653,FHF-8744,2023-11-20,03:31:14
IDM-02996,FIP-3626,2023-12-18,22:43:52
MAD-00375,FIP-8620,2023-09-26,16:37:51
RLL-46382,FJA-3695,2023-11-08,18:50:40
FZP-20032,FJE-1195,2023-09-25,19:44:26
ELR-67861,FJE-6752,2024-02-11,01:59:38
OWM-68843,FJI-2081,2024-02-08,23:00:13
VQJ-63757,FJI-9961,2024-02-22,03:30:21
QJF-53127,FJX-6643,2023-10-06,05:48:29
YEP-68998,FJX-7580,2023-10-28,16:06:47
SOT-54635,FJZ-8664,2024-03-11,01:03:05
WSS-89437,FKQ-9154,2023-08-17,01:52:47
WHI-38063,FLQ-5436,2023-06-25,15:05:09
ZSZ-97439,FLW-8500,2024-02-17,14:29:06
LMU-78759,FME-1120,2023-10-04,00:39:16
HTW-70988,FME-1994,2023-06-19,04:54:30
TMU-54039,FMI-6352,2023-07-26,01:55:15
MLH-46206,FNW-8412,2023-12-01,05:38:39
RRM-68277,FNW-8859,2023-09-26,20:04:21
RJX-59133,FOE-7064,2023-08-10,01:28:08
SOD-35429,FOE-7274,2024-01-02,19:00:01
ZTZ-48921,FOE-7969,2023-10-20,09:30:12
URE-25665,FOQ-4652,2023-09-07,16:12:39
UAW-53168,FPS-9520,2024-02-26,15:25:52
RJD-42100,FQL-0181,2023-09-22,03:53:01
ZQH-27598,FQL-7184,2023-06-19,09:20:46
ZEP-41850,FQM-3539,2023-11-09,13:00:55
RCG-19587,FQM-7105,2023-10-29,02:25:36
NSE-20975,FRH-4938,2023-12-14,17:46:32
TOT-87420,FRH-8254,2023-09-29,10:58:55
JIO-40700,FWK-2463,2024-02-12,09:05:19
NJU-39008,FWK-7898,2023-07-12,03:12:18
VSG-45761,FXC-2942,2023-08-12,03:05:31
SBY-75706,FXS-2943,2023-08-31,14:00:04
RSJ-25707,FXT-9747,2024-02-21,03:45:47
PPP-76997,FYF-2435,2024-01-23,03:47:16
WXY-42655,FYF-7453,2024-01-30,02:20:38
NRZ-66083,FYR-2163,2024-01-06,04:29:06
JPF-38185,FYR-5730,2024-02-13,06:53:04
FLB-60456,FZS-0197,2023-11-25,00:53:17
YTR-17385,FZS-2961,2023-08-30,09:06:15
QRV-60561,FZS-3004,2023-06-14,12:01:22
HMG-03762,FZS-8506,2024-03-05,08:14:11
JBJ-10889,FZX-1671,2023-06-09,22:52:31
GCK-20702,FZX-2175,2023-09-07,09:54:05
RLJ-24418,GAK-7387,2023-11-03,15:12:40
FHE-81934,GAO-3026,2024-03-10,19:15:14
HCW-37454,GAO-9506,2023-07-14,11:46:05
GEP-35815,GCY-2390,2024-01-22,07:45:14
EOU-65552,GCY-6469,2023-10-01,23:23:52
XYS-91170,GDI-2381,2023-08-31,07:22:16
FGG-98017,GDJ-6978,2024-02-05,03:55:07
DTZ-93560,GDJ-7137,2023-09-18,00:14:06
RRD-24873,GDK-2807,2023-11-15,06:54:19
MJA-98763,GDK-3265,2023-09-10,19:28:34
VNI-97812,GDR-9613,2023-06-05,12:45:34
XOH-81381,GDZ-2732,2023-12-09,23:18:07
PVX-71120,GDZ-3152,2024-02-05,22:53:13
TQX-30178,GFL-8891,2023-07-21,19:11:33
TAW-20995,GIY-1764,2023-12-22,20:13:11
NJG-83141,GIY-5782,2023-07-08,19:47:59
LHM-97885,GKC-7741,2024-02-15,08:48:04
PYB-17242,GKC-9238,2023-12-17,13:53:45
SYA-95712,GKR-8271,2024-02-12,10:16:44
TKP-27207,GKW-6949,2024-03-08,04:46:09
QWL-36165,GLC-4698,2023-08-31,10:53:37
ZBE-31988,GLC-8735,2023-12-15,13:38:18
GEZ-08601,GMM-5537,2023-08-20,01:11:44
EQJ-03602,GMM-7938,2024-02-23,06:32:48
NPF-46161,GMY-1387,2023-12-14,19:22:24
WZJ-48191,GMY-9367,2023-09-22,02:00:30
JLM-75527,GMY-9766,2023-10-18,08:36:48
WDI-49050,GNX-1908,2024-02-29,04:52:28
WHB-80863,GOP-9276,2024-01-17,08:03:00
YXN-62968,GPA-3178,2023-11-21,01:27:01
SOD-35429,GPL-2715,2023-11-11,06:45:40
MYN-12522,GPL-5699,2023-12-11,18:21:07
QWD-86474,GSU-2328,2023-08-22,01:55:07
ZAX-99759,GSU-3259,2024-02-26,08:29:43
KIA-16861,GTG-3344,2023-06-26,14:12:19
OPD-34081,GTG-6926,2023-06-28,00:01:30
ESY-59787,GTO-2819,2023-06-26,17:54:29
DMA-48071,GTO-9275,2023-07-19,08:47:42
HFI-23645,GTQ-2929,2024-02-01,07:34:32
KQD-47610,GTQ-7173,2024-01-01,18:10:54
BHQ-15247,GVS-3803,2024-01-18,20:18:51
BQM-88379,GVS-5855,2023-10-29,16:52:43
XKZ-58530,GWI-9439,2024-01-17,18:23:17
ZCP-69930,GWM-1585,2023-10-16,20:32:25
RBJ-22883,GWM-4764,2023-12-19,03:06:49
OXE-64936,GWZ-3000,2023-09-28,03:39:37
RWW-28575,GWZ-3343,2023-07-24,10:49:55
KKO-90053,GWZ-8738,2023-08-11,20:43:42
CMI-41430,GXQ-4447,2023-07-17,14:18:48
BYH-56417,GXQ-7621,2023-06-26,20:59:00
AOR-15481,GYA-3254,2024-03-27,02:32:00
AVH-73381,GYA-6913,2023-12-10,06:02:58
IWK-57089,GYC-1520,2023-09-08,06:27:23
MRK-10741,GYC-7633,2024-03-04,09:49:56
IRK-91133,GYF-1648,2024-01-13,08:04:48
MLP-66980,GYF-5897,2023-10-05,04:16:27
IKG-51913,GYM-1748,2023-08-19,20:11:04
MAW-20885,GYM-7164,2024-02-21,12:30:41
ZFV-53477,GYV-9734,2024-02-17,11:38:38
WRO-25440,HBF-1732,2023-11-23,02:03:35
PKN-31478,HBF-8678,2023-11-05,00:57:09
ASF-42284,HDG-1965,2023-06-02,07:44:24
AMF-24071,HDG-9653,2023-07-11,07:54:52
LUZ-12285,HDI-3979,2024-03-11,09:13:13
QWD-86474,HDI-4591,2023-10-04,15:02:20
LHX-00597,HEA-0215,2024-02-13,10:02:32
PZB-33922,HEA-9573,2024-01-28,21:11:51
WSS-89437,HFM-1907,2023-10-20,23:03:44
PKX-19625,HFM-8386,2024-01-26,03:18:37
HYE-66745,HGE-4369,2023-06-04,19:41:43
FQM-34715,HGE-6319,2023-11-22,16:13:43
PFL-59126,HHO-0139,2024-03-05,01:06:37
WHB-80863,HHO-4023,2023-12-05,13:49:41
ZHW-01464,HHT-5884,2023-11-29,02:46:32
IMJ-34713,HHZ-2367,2023-09-07,11:47:42
FSV-28476,HHZ-3138,2023-11-29,01:13:34
CIK-63950,HIF-3449,2024-01-21,12:03:44
DHT-25225,HIF-6160,2023-10-11,07:55:22
XAL-14169,HIS-4689,2024-02-03,09:35:19
UQN-71766,HJH-1155,2023-07-28,02:10:02
OIO-75200,HJH-1962,2023-10-22,07:09:50
SUM-52621,HKA-4276,2024-03-07,07:09:28
NCJ-03725,HKA-7915,2023-10-18,10:01:15
KIC-74606,HKB-1381,2023-06-06,21:36:43
OQH-68492,HKB-4005,2024-03-16,06:31:04
NCU-43803,HKJ-6014,2023-11-11,04:31:58
JDG-70980,HKJ-6958,2023-11-06,01:31:28
BMZ-37405,HKL-7661,2023-07-12,15:35:58
BCN-11763,HKL-8822,2023-12-04,18:04:57
TCR-35866,HMD-0165,2024-01-19,17:42:48
RRD-24873,HMF-9138,2023-08-06,11:52:14
SGQ-71639,HMT-3205,2023-06-12,17:53:58
MTC-94752,HMT-3357,2023-07-14,17:55:14
YFO-19978,HNP-4800,2023-11-26,12:44:41
QND-86180,HNP-7986,2023-11-19,10:28:23
WTN-50267,HNV-3169,2024-02-03,01:59:04
PML-24029,HNV-6071,2024-03-14,16:17:53
SWV-59927,HNW-2331,2023-07-16,01:12:10
UOY-19199,HOD-8731,2023-07-30,11:16:43
RID-03725,HOG-2149,2023-11-07,23:22:52
MAW-20885,HOG-9586,2023-07-04,10:47:08
NNN-20285,HPS-2962,2023-12-01,10:04:49
JJW-70882,HPS-7797,2023-12-23,22:31:19
YDB-07606,HQT-1910,2024-01-26,18:47:50
QHY-80920,HQT-2703,2023-09-20,19:10:38
XOH-81381,HQU-5348,2023-06-01,15:44:48
WTM-36992,HTC-1513,2023-07-14,00:54:30
PME-65620,HTC-3383,2023-09-13,07:57:27
YQO-96638,HUX-8533,2024-01-31,16:56:41
RBY-87869,HVF-1891,2023-07-04,02:58:54
ZDU-88623,HVF-3574,2023-12-21,09:43:05
TZK-03516,HXF-3310,2023-06-27,20:46:42
KUK-75858,HXO-3080,2024-01-29,03:45:12
HIT-26425,HXO-6753,2024-02-05,00:50:28
FXN-53707,HYF-5140,2023-11-18,01:22:00
EKU-14560,HYF-5414,2023-06-06,14:49:59
MOD-39400,HZQ-0273,2024-01-15,13:06:31
RWO-80666,HZQ-2476,2023-09-24,10:46:06
OPD-34081,IAB-1177,2024-01-28,15:43:26
VJZ-97038,IAB-4641,2024-01-21,03:04:02
MFD-59251,IAM-8124,2023-10-14,11:41:57
INW-45170,IAM-8594,2023-11-17,18:50:39
GGP-05008,IAO-1064,2023-07-10,07:08:21
JHB-90449,IAO-1324,2023-07-20,19:24:47
JVE-25104,IBT-3169,2023-11-21,04:18:25
NVZ-72081,IBT-8715,2023-12-30,01:32:30
UEW-03565,IBV-7592,2024-03-05,11:54:37
OCG-16513,IBV-9880,2023-07-14,08:58:23
XYS-91170,ICB-5729,2023-11-08,12:46:59
QEL-73614,ICB-6872,2023-11-10,18:23:43
ZMI-98499,ICP-2189,2024-01-23,12:24:52
GEZ-08601,IDB-5714,2023-10-01,07:24:33
JEC-17480,IDB-6614,2023-07-29,03:44:20
WHB-10547,IDD-1652,2023-08-15,17:10:29
TWE-00676,IDW-4434,2023-11-03,10:35:42
NWH-68847,IDW-9487,2024-02-06,16:01:42
ELR-67861,IEP-1209,2023-06-21,15:40:33
DFJ-54300,IEP-1294,2024-03-03,09:47:22
WZJ-48191,IGQ-2720,2023-08-17,07:55:07
PRY-55973,IGQ-7163,2023-12-13,02:11:04
ZIB-60373,IGR-3206,2024-03-12,14:55:40
JBG-18362,IHE-2243,2023-09-10,22:12:53
MYO-10937,IHE-2800,2023-10-15,13:26:54
RCY-97051,IHI-2337,2024-02-11,22:41:16
ZFZ-01642,IHI-2682,2023-10-16,07:55:19
BZO-89081,IHK-4185,2023-06-13,07:06:21
CMS-46190,IHK-5603,2024-03-20,21:41:19
VKE-08602,IIP-6549,2024-03-18,08:44:34
FGG-98017,IJC-4312,2023-11-22,11:18:56
HBD-99816,IJC-9031,2024-02-14,06:40:36
FLF-32710,IJN-1067,2024-03-08,09:31:00
HMV-04314,IJN-9332,2024-03-25,20:31:17
NOA-05708,IJO-0342,2023-10-17,22:26:22
TGE-89868,IJO-8036,2023-09-01,11:51:17
PCC-20414,IJP-1563,2023-07-21,22:21:52
KNN-45155,IJP-8856,2024-03-27,13:33:50
VKE-08602,ILW-2337,2024-03-19,10:18:22
OQH-68492,ILW-6701,2023-08-01,12:48:56
YIR-40381,ILZ-1381,2024-02-12,05:58:13
XWU-19562,IMG-1177,2023-12-16,21:46:17
PZB-33922,IMG-3882,2023-08-12,04:26:06
SGQ-71639,IQC-7731,2024-01-09,22:16:50
IZD-59177,IQJ-3893,2024-01-06,19:10:33
MWK-21287,IQJ-9240,2023-09-22,08:34:44
GFX-78117,IRD-4941,2023-11-24,18:51:25
JGU-09700,IRD-5007,2023-08-28,07:59:42
LSP-41166,ISK-5530,2023-11-17,15:18:41
HYE-66745,ISK-8691,2023-06-18,10:32:09
SXK-51603,ISZ-3855,2023-10-04,10:02:01
TWC-17881,ITK-3225,2023-07-30,08:33:28
PYC-11977,IUD-0422,2023-06-22,11:09:04
XUT-07777,IUD-8762,2023-07-06,01:59:16
QHK-84327,IVT-2439,2024-01-14,07:47:08
YCG-95880,IVT-7758,2023-11-25,18:48:39
ZTZ-48921,IVZ-9233,2024-01-23,06:53:20
EKY-98964,IWH-4698,2023-12-01,21:33:42
DEJ-43115,IWH-6834,2023-11-29,06:50:44
HTW-70988,IWY-6470,2023-08-11,03:08:43
FNT-52348,IWY-7057,2023-07-10,12:54:04
CTA-73375,IZC-1350,2023-10-18,09:45:48
DYU-51215,IZC-2345,2023-08-03,05:37:58
GIR-16621,JAL-3804,2023-09-19,21:10:14
ERN-41709,JAL-4635,2023-07-30,04:54:09
VKK-70651,JAU-6446,2024-01-21,08:13:41
RHJ-93702,JBC-7879,2023-09-30,20:44:16
MAP-01921,JBC-9625,2023-08-25,19:56:12
EJI-39703,JBH-3616,2023-11-13,22:29:50
FSA-92921,JBH-5208,2023-10-10,01:19:58
FNG-65785,JBS-3757,2023-08-05,16:47:47
EGF-95058,JBS-5322,2023-10-26,13:43:28
WON-71258,JCE-5265,2023-08-31,17:26:05
YSK-55846,JDB-3247,2023-08-29,08:47:42
DBH-35529,JDR-5086,2024-01-24,18:49:38
EKU-14560,JDR-5840,2024-02-11,07:00:10
VZB-72509,JFM-2962,2023-11-13,12:48:32
PML-24029,JFN-5261,2023-11-18,00:17:42
KVR-15564,JFN-9413,2024-02-10,13:02:54
ECL-71483,JJT-2740,2023-06-23,23:42:46
CUK-73560,JJT-8348,2023-12-03,10:53:51
NNN-20285,JLY-4016,2023-06-28,14:08:44
TFD-83575,JLY-5316,2024-01-14,19:25:25
MVN-17758,JMM-1366,2024-02-26,00:49:42
SMV-44812,JMM-3539,2023-11-04,08:21:45
ZEP-41850,JMQ-3993,2023-12-14,07:49:34
FNZ-92907,JMX-7147,2023-12-23,11:34:43
EHM-45282,JMX-8595,2023-06-11,20:38:25
NRS-40908,JNC-7824,2023-06-05,20:14:25
TMU-54039,JNC-8742,2023-12-21,15:34:20
DKA-37599,JNE-2786,2024-03-28,08:03:23
CLD-40263,JNE-6341,2024-03-17,10:29:44
VAU-34948,JOX-2468,2023-06-16,05:55:21
OMY-58623,JOX-5375,2024-01-20,12:12:48
KKT-52545,JOY-3985,2023-11-14,16:11:12
OXP-30840,JOY-8241,2023-06-26,23:08:03
BQY-45193,JPC-4202,2023-09-13,02:50:50
BHX-81964,JPC-8315,2023-07-18,14:14:33
YTR-17385,JPN-1569,2023-06-04,04:03:37
NST-01723,JQA-1882,2024-01-03,14:19:48
JRI-37767,JQA-2130,2024-03-20,02:55:34
DGH-91780,JQL-2992,2023-08-01,08:24:14
CHW-16576,JQL-8115,2023-10-07,14:18:32
BHX-81964,JQX-2620,2023-10-27,05:18:10
AVH-73381,JQX-7346,2023-08-30,10:08:53
YPI-57307,JRC-2889,2024-02-29,17:33:35
VTD-48908,JRF-8081,2023-06-30,09:14:28
KQD-47610,JRK-1668,2023-07-19,08:46:04
PGQ-04447,JRK-3796,2024-03-30,11:19:36
CMY-73211,JRU-5341,2024-03-06,16:16:16
DTE-01299,JRU-9592,2024-02-05,07:43:07
SQW-24281,JRW-9511,2023-11-02,01:36:08
RFM-18581,JSA-5798,2023-10-21,01:58:44
ZJU-40687,JSA-7772,2024-01-12,14:56:43
KCW-90064,JSK-2137,2023-06-20,16:15:22
ODE-83262,JSK-7409,2023-12-28,05:36:28
RVP-12388,JTE-8870,2023-07-11,13:14:19
MZG-60599,JTI-3836,2023-12-24,04:52:17
JBJ-10889,JTI-7591,2023-06-26,11:41:14
EQN-46999,JTL-3024,2023-08-01,16:31:26
GFX-78117,JTL-9207,2023-08-07,01:40:17
ZSK-47154,JUE-2955,2024-01-06,11:40:20
SSV-04596,JUX-7755,2023-10-01,09:05:22
CNC-98914,JVC-2408,2023-12-03,17:49:49
DTO-70277,JVC-3674,2024-03-18,15:28:45
JSU-54404,JVN-4567,2023-07-14,21:50:26
GMG-27242,JVN-4862,2024-03-18,10:52:16
SGR-65629,JVX-8178,2023-06-16,09:09:49
LWP-57869,JXI-4990,2023-12-30,00:48:27
RAP-04770,JXI-6489,2023-10-22,09:12:07
UWO-91784,JXP-3656,2023-12-14,02:02:02
LRO-88912,JXR-3212,2023-12-22,11:34:54
QPQ-39890,JXR-9533,2023-08-10,16:09:28
PRY-55973,JYA-4160,2023-11-28,15:44:39
KXM-93242,JYA-9203,2023-09-01,22:43:21
FMX-77248,JYE-6137,2024-01-25,18:14:18
HOP-91174,JYE-8639,2024-02-18,15:54:26
FPH-26407,JZS-0495,2023-06-28,19:54:13
HUF-26956,JZS-2288,2023-09-12,23:43:46
VXB-85464,JZW-4996,2023-12-25,07:30:09
WDI-49050,KBF-2317,2024-02-04,14:19:46
PCN-85238,KBF-5349,2023-08-12,00:25:36
KGP-14913,KDG-4165,2023-09-05,19:10:06
OOJ-86402,KDG-5996,2023-10-29,09:40:17
KPV-61572,KDH-3607,2024-03-10,23:57:38
HFC-91910,KDH-5144,2024-01-19,07:33:51
SYA-95712,KEL-1041,2024-01-28,16:53:22
NGE-30140,KEL-8905,2023-07-29,06:19:13
TTJ-69717,KFM-8962,2024-03-28,21:17:12
SSW-98369,KFZ-6626,2023-07-06,23:39:24
ZJU-40687,KGS-4490,2023-08-07,01:35:50
RJC-85748,KIK-0830,2023-10-28,04:30:03
ZPY-93321,KIK-6238,2023-08-05,08:16:23
XGN-27249,KIN-4596,2023-06-17,07:38:47
PTO-79766,KIN-7994,2023-12-14,13:11:03
YAG-27276,KIO-5547,2024-02-03,18:52:32
PZJ-80163,KIT-3692,2023-07-14,14:25:32
XYD-54715,KIT-5577,2024-03-11,12:22:32
YZJ-89160,KIT-7446,2023-10-08,04:45:20
PZE-90750,KIV-7716,2024-02-18,09:27:16
XXD-36961,KIV-8155,2024-02-26,19:06:47
NED-01548,KIY-1598,2023-10-02,10:12:38
SWK-13632,KIY-4590,2023-07-22,00:32:25
YEP-68998,KJF-0782,2023-12-18,00:17:40
CLX-10763,KJI-3044,2024-03-21,21:03:09
DLH-35107,KJI-8067,2023-11-14,09:33:00
TWX-83124,KKN-4503,2023-06-26,12:33:40
NXA-25791,KKN-4530,2024-02-11,11:36:51
NGU-54907,KKX-1432,2024-03-13,18:04:02
QOE-56926,KKX-1806,2024-03-12,03:04:35
LPB-73322,KKX-5073,2023-09-20,05:51:56
TAB-06662,KKX-6337,2023-10-01,08:20:18
VTM-67273,KLD-7811,2023-12-21,01:11:48
RHJ-04583,KLF-3104,2023-11-16,07:30:37
ZMG-30694,KLF-3904,2023-07-25,05:53:42
ICO-70881,KNB-4521,2023-11-14,01:37:22
LYB-43537,KNB-8839,2024-02-19,00:31:41
CML-45140,KNH-8570,2024-03-23,19:22:14
DNC-33437,KNH-8873,2023-11-03,18:09:39
TPE-59637,KPJ-5231,2023-11-26,06:12:56
NSN-43932,KPJ-7966,2023-09-06,22:29:32
UQN-71766,KQE-7401,2024-02-03,19:22:14
JNT-37473,KQZ-3488,2023-07-24,07:11:44
NPX-29618,KQZ-7707,2023-12-23,17:31:34
TAB-06662,KRE-2065,2023-07-22,18:21:12
ZUU-36798,KSN-6456,2024-03-08,11:52:50
ISQ-73998,KST-7276,2023-08-31,21:36:02
MML-63530,KST-9808,2024-02-29,23:24:04
LAH-79333,KTF-3956,2024-01-15,00:01:51
PTO-79766,KTF-5583,2023-09-12,02:14:19
UEW-03565,KTG-7638,2024-01-16,02:20:05
ZEC-71597,KWG-0132,2024-03-02,15:53:31
IVN-92350,KXF-1403,2023-06-05,03:37:54
MPZ-49334,KXF-3970,2024-02-09,03:07:30
YPZ-43846,KXK-2543,2023-07-22,22:46:24
QQM-84601,KXK-8705,2024-01-05,16:11:14
GND-76940,KXM-3159,2023-08-09,12:18:29
EXA-19057,KXM-5853,2023-12-28,01:43:11
FNS-68804,KYG-4720,2023-12-03,23:32:31
EGI-70415,KYG-7575,2024-03-16,17:56:01
RJF-64610,KZO-2489,2023-12-18,03:05:31
ZQL-96692,KZO-7185,2023-12-05,08:43:45
TDI-43067,KZY-9111,2023-10-02,21:21:01
DOE-95306,LBV-0758,2023-11-08,01:00:09
FDT-82735,LBV-2542,2024-02-29,20:03:12
ZRQ-35183,LBZ-5844,2023-09-11,13:21:26
CGY-42847,LCC-4361,2024-01-13,12:32:32
DAU-85706,LCC-8555,2023-06-06,08:59:16
SJS-13308,LDU-0226,2023-12-29,07:53:10
SXP-33883,LEO-9419,2023-09-09,23:34:12
OXP-30840,LES-3304,2023-09-28,10:57:33
VTD-48908,LES-7801,2023-07-04,06:47:51
HTY-68744,LEU-4894,2024-02-23,02:02:54
FNZ-92907,LEU-9703,2023-09-30,00:19:05
VPK-72264,LEY-2874,2023-07-02,03:17:19
TFD-83575,LGF-1174,2023-12-13,13:36:41
YPI-57307,LGG-6291,2023-06-20,19:51:19
QPQ-39890,LGG-8337,2023-11-17,22:23:55
WEY-69017,LGH-8433,2024-02-23,08:47:55
BNF-04840,LGI-1312,2023-09-18,07:02:46
CGA-72580,LGI-3808,2024-02-29,02:54:46
YVL-74334,LHE-5445,2023-12-19,04:31:47
OMI-23469,LHH-3721,2023-08-11,12:16:44
VAK-56429,LHH-6938,2023-09-18,00:23:58
XYR-46722,LHN-8860,2023-10-28,10:34:42
RWV-40680,LIU-2251,2023-06-02,08:38:29
GVT-12503,LKE-2233,2024-03-24,05:22:21
KGJ-47389,LKE-7796,2023-06-11,06:51:10
RUH-83684,LMO-4902,2023-12-17,11:31:08
LVV-40616,LNA-9656,2023-10-17,22:31:47
QWL-36165,LNA-9933,2023-07-15,15:02:13
JID-04297,LOA-8579,2023-12-03,04:22:06
NJG-83141,LOA-9305,2023-11-03,15:33:05
WBL-72084,LOE-0144,2023-12-31,14:34:37
OJK-72439,LOP-2240,2023-11-05,01:39:53
UVI-08265,LOP-7631,2023-08-07,13:08:17
CGA-72580,LOR-6150,2023-06-18,01:27:08
CYZ-85085,LOR-7748,2023-09-20,04:20:49
PFX-15299,LOT-2984,2024-02-29,16:21:52
KPV-61572,LOT-5343,2023-08-21,09:40:10
KNI-94352,LPJ-3860,2024-03-01,17:27:32
PAF-44089,LPJ-6368,2023-09-22,14:56:54
ZCP-69930,LQN-4187,2023-08-01,09:48:25
YDB-07606,LRP-6074,2023-08-02,09:17:27
RTD-24834,LSB-8566,2023-10-11,21:10:52
PZE-90750,LSP-6478,2023-07-30,11:30:04
LIC-37864,LSP-7776,2023-08-11,18:58:08
SUM-52621,LTD-9889,2023-07-20,16:44:34
YBK-45508,LTZ-2202,2023-09-17,22:30:00
QGL-64016,LTZ-5665,2023-12-12,02:30:18
CFX-74437,LUQ-1026,2024-03-04,10:05:50
CYC-77639,LUQ-3706,2023-08-27,15:56:45
QQW-02433,LVC-4162,2023-12-06,09:03:01
LSL-84484,LVC-9534,2023-07-21,21:11:03
KID-91654,LVN-2542,2023-07-18,02:45:47
HAK-97609,LVN-8653,2023-07-27,10:14:56
VAK-56429,LVW-9323,2023-07-02,11:37:06
QRJ-44519,LXW-4487,2023-06-21,19:02:51
YSK-55846,LXW-5439,2023-08-12,17:19:54
TIK-07057,LYF-2391,2023-11-13,13:56:56
NPO-10922,LYF-7364,2023-12-11,13:59:33
ZBE-31988,LZO-5041,2024-03-03,01:56:18
TTE-91984,MBQ-5801,2023-06-20,17:21:46
SVM-65960,MCJ-3553,2023-11-16,08:37:58
EOC-37292,MDH-0319,2023-08-31,04:08:53
GEN-42720,MDH-6334,2024-03-12,05:42:51
LCJ-06624,MFW-1979,2023-12-06,04:32:10
PVP-19549,MFW-3136,2023-10-08,09:18:38
MYO-10937,MGM-0587,2024-03-25,20:37:45
SOS-26308,MGM-6743,2023-10-29,09:24:39
HKD-72489,MGO-2877,2023-06-21,08:18:01
FKY-96737,MGO-9996,2023-10-16,09:57:49
LTW-21557,MGS-5099,2024-02-03,23:16:59
QTD-36161,MGS-9803,2023-06-14,09:49:56
SZY-93506,MGU-9739,2023-08-15,05:40:33
RID-03725,MHQ-6092,2023-08-01,12:12:37
ZNU-76614,MHQ-7286,2023-12-25,23:23:35
RTD-24834,MIG-7248,2023-11-30,08:48:20
MLY-44705,MIG-8938,2024-03-22,18:58:13
TXX-30500,MIP-4486,2023-07-12,15:37:57
NXJ-62164,MIP-8802,2023-12-07,08:11:48
OXE-64936,MKI-2966,2023-10-02,00:44:04
VQR-70460,MKI-3704,2024-03-10,08:15:43
TPI-56312,MLC-9597,2024-01-03,09:00:21
OEI-47622,MMH-1167,2023-08-12,15:29:50
UNF-05952,MMH-2044,2023-09-27,15:48:12
OZR-11268,MMO-4830,2023-10-27,15:34:29
KNI-62550,MMO-7686,2023-07-01,17:51:20
AOR-15481,MNN-7993,2023-09-26,01:11:30
AKJ-22711,MNN-8787,2023-10-18,13:08:10
ZQH-27598,MPU-2120,2024-01-31,18:17:36
GPA-18973,MPV-2908,2023-11-15,14:11:29
JZW-77084,MPV-8540,2024-01-14,17:19:37
YCD-17038,MQE-2115,2024-03-10,23:53:56
SSC-14235,MQE-4271,2023-06-16,07:59:00
MDW-63676,MQX-4613,2023-10-17,08:30:52
INC-21330,MQX-5248,2023-06-27,23:53:27
PFX-15299,MQX-6404,2024-03-16,18:33:02
WHI-38063,MQX-7346,2023-07-24,03:45:38
HIT-75017,MRS-0831,2024-03-31,09:18:59
KUY-60927,MRS-2253,2024-02-28,15:02:54
HBD-99816,MRU-1000,2024-02-19,09:24:07
KKC-76152,MRU-5807,2023-07-15,06:07:09
YSG-63195,MSR-2975,2023-09-11,19:29:36
QRH-54590,MSR-6376,2024-02-11,08:22:21
GLF-84417,MSS-1051,2023-11-11,07:02:56
JPN-03467,MSS-7845,2023-08-13,20:47:48
CDF-95265,MTQ-1855,2023-10-20,11:21:33
CSO-98321,MTQ-2792,2023-07-12,05:20:00
QTP-75328,MTR-1217,2023-09-21,06:25:00
LUT-10093,MTR-5660,2023-06-01,15:05:45
OUW-48835,MUK-2043,2024-03-10,06:59:43
VPK-72264,MUK-3594,2023-11-12,20:11:10
TWH-54941,MVK-8032,2023-12-19,11:22:37
MQN-93376,MWQ-4999,2023-11-15,18:52:24
IWI-07954,MWQ-7465,2023-11-22,00:00:59
PKP-82461,MWR-4344,2023-09-07,11:51:28
KUK-75858,MWR-7515,2023-09-01,02:56:13
FCU-04913,MXH-1576,2023-12-21,08:13:18
GPO-77765,MXH-5385,2024-02-17,06:10:13
MRY-33349,MXO-0977,2024-02-28,20:32:27
SCB-46603,MXO-9526,2023-11-28,00:23:14
SNG-02319,MXR-3613,2023-08-17,15:17:30
MWK-21287,MXR-5674,2023-12-02,01:47:40
DWI-58721,MYE-0327,2024-03-28,10:57:37
FHJ-99777,MYE-4701,2024-01-16,17:24:57
TWE-00676,MYO-7730,2023-06-08,11:53:26
BAO-19729,MYQ-0855,2023-12-30,01:41:48
BMV-68778,MYQ-1397,2023-08-22,23:25:55
NCU-43803,MYX-2175,2024-01-12,03:03:32
SVK-49653,MYX-7505,2024-01-23,11:37:52
VJZ-97038,MZQ-0663,2023-10-23,15:19:33
EZN-05791,MZS-0499,2024-03-22,05:29:01
GNX-30299,MZS-4589,2023-12-23,08:42:46
EQZ-77600,MZT-4907,2023-10-05,23:56:53
DKJ-08990,MZT-5975,2023-11-08,14:46:11
QPU-49717,MZU-2891,2023-06-12,04:02:11
YPV-99461,MZU-8489,2023-12-14,19:16:50
PCC-20414,NAI-3262,2024-03-16,13:26:04
WCC-22489,NAI-6507,2023-09-07,22:45:14
SRY-05001,NBE-8575,2023-09-12,18:01:01
FNB-55327,NBK-0249,2023-08-11,20:55:06
HSB-89545,NBK-2076,2024-01-03,00:57:16
NFG-16496,NBQ-8305,2024-01-05,21:35:53
SWQ-82963,NBQ-8503,2024-03-17,12:02:46
NPX-34883,NBR-3591,2024-03-19,13:20:10
JOK-17872,NBR-7210,2023-12-24,16:40:56
GOK-32300,NBV-2044,2024-03-24,00:07:50
JYS-93405,NBV-4201,2023-12-02,05:13:54
KDE-60370,NBW-7138,2023-09-09,16:42:13
OIO-75200,NBW-8197,2023-10-12,06:28:25
HBL-63565,NCA-1250,2023-12-28,18:51:32
FGR-91292,NCA-2940,2023-11-03,17:44:05
WXK-45707,NDS-7503,2024-02-02,02:39:03
POA-90163,NDS-9329,2023-06-14,05:33:09
VAU-34948,NDT-1938,2023-06-09,22:19:05
NWE-81287,NDW-2370,2023-11-12,21:14:56
TUJ-84214,NDW-4972,2023-08-04,10:58:45
YOO-76691,NFB-2884,2024-03-15,03:41:04
WON-71258,NFW-1820,2023-11-15,11:44:14
PJP-77415,NFW-3239,2023-11-01,01:08:35
WKP-77030,NGM-3860,2023-11-28,13:35:42
LZQ-00800,NGQ-6048,2023-09-30,14:13:33
RCO-86573,NGQ-6139,2023-11-27,16:51:12
ESY-59787,NHP-2251,2023-12-31,13:17:11
GIR-48307,NHP-8016,2023-11-04,21:09:49
MVN-17758,NHQ-4894,2023-08-28,22:47:02
IYF-11697,NHQ-6116,2023-09-25,10:25:56
IBI-33308,NIS-2160,2024-01-17,18:33:34
LWP-57869,NIS-3741,2024-01-29,23:10:10
UFZ-43645,NIV-6492,2023-12-31,20:17:14
HKD-72489,NJP-1516,2023-10-01,15:54:37
KVB-79323,NJP-5559,2023-11-20,17:34:16
BMK-50135,NJT-1208,2023-08-22,16:13:06
CAL-31966,NJT-9626,2023-07-07,19:46:53
STP-27222,NJW-1593,2023-06-08,17:53:54
EJI-39703,NKJ-2894,2023-11-01,04:49:01
CZT-84906,NKJ-6605,2023-12-22,19:07:44
SMF-49110,NKU-1411,2023-06-11,09:55:51
SWK-13632,NKV-1305,2023-09-09,03:36:44
TML-79989,NKY-0150,2023-10-25,13:06:52
XZH-50612,NMG-9457,2024-03-14,03:54:16
TBC-63334,NMQ-2796,2024-02-10,08:24:14
FSC-11574,NMY-4072,2023-09-01,13:30:41
EJM-74328,NMY-7339,2024-01-11,00:50:03
WKT-08100,NNO-3085,2023-10-23,02:27:27
VNI-97812,NNR-4331,2023-07-19,13:56:26
OTG-26459,NNR-8766,2023-12-01,21:18:16
WRO-25440,NQG-3881,2023-07-23,12:00:51
MDW-63676,NRN-2875,2023-08-29,21:49:15
RLE-08166,NRN-4582,2023-12-28,14:18:25
ZFZ-01642,NSN-3803,2023-11-19,10:30:26
THJ-67160,NSX-5012,2024-03-22,15:55:31
CAX-18205,NTP-2772,2023-08-02,04:21:06
CNF-54291,NTP-3333,2023-09-03,09:28:08
QOQ-09825,NTU-0413,2024-02-14,09:23:34
YNG-14680,NTU-5559,2023-10-19,11:27:56
XNY-00134,NTX-3568,2023-07-28,04:35:47
FSD-17874,NTZ-6982,2023-11-14,00:55:14
EKB-41598,NTZ-7670,2023-06-10,19:58:52
SYG-34855,NVF-9748,2023-09-03,06:10:56
XDU-55564,NVT-0982,2023-10-22,08:40:25
ZKR-28546,NWT-6048,2024-03-20,23:43:47
YBK-45508,NXL-0436,2023-07-24,01:55:13
VUC-61834,NYF-9429,2023-07-11,20:38:15
UNT-42766,NZH-8314,2023-09-03,10:19:43
WCC-22489,OAR-9959,2024-02-24,17:10:08
AXT-62647,OBC-1915,2023-10-27,08:06:40
BIY-61464,OBC-4500,2023-06-05,20:08:41
SOS-26308,OBU-7440,2024-03-15,15:26:50
NVV-41982,OCJ-2491,2023-12-22,06:45:50
TTE-91984,OCJ-7517,2023-06-07,21:20:01
RVL-67352,OCX-9297,2024-01-27,18:59:39
CML-45140,OCY-4229,2023-08-28,16:51:24
BYY-33063,OCY-5956,2023-09-24,17:08:22
FNT-52348,ODH-5670,2023-10-29,01:55:58
EHH-13282,ODH-9361,2023-11-19,21:54:18
RWO-80666,ODU-8225,2023-12-30,17:36:58
UJQ-76271,ODV-0605,2024-02-11,03:26:47
BNP-69939,OEF-3442,2023-10-16,20:08:56
BEE-58393,OEF-3894,2023-09-14,13:55:47
SUY-32448,OEP-9595,2023-08-20,01:30:22
KBL-88890,OGG-7128,2024-01-13,12:39:20
GQD-64084,OGG-9832,2023-09-06,19:23:16
RJX-59133,OGK-1429,2023-07-01,22:18:07
MCZ-48810,OGK-7029,2023-08-15,18:40:16
AYZ-78016,OHG-1299,2024-03-21,11:55:07
APV-51137,OHG-6555,2024-02-22,00:28:55
DMK-65903,OHL-2853,2023-09-10,22:02:35
CLZ-73501,OHL-5725,2023-06-23,14:08:23
TZF-29528,OII-3405,2023-07-24,04:44:10
LDJ-45639,OJN-4085,2023-11-17,02:28:11
PVX-71120,OJN-6693,2023-12-17,17:52:44
FHE-81934,OJX-3253,2024-03-19,12:47:07
DUB-02729,OJX-8834,2023-11-09,06:29:04
GIR-16621,OKS-0632,2023-06-19,11:27:34
JIR-52209,OKS-8063,2024-01-21,19:29:06
XQI-02704,OLV-7403,2024-02-13,18:16:56
AUN-48693,OLW-0516,2023-11-21,17:28:11
BFB-40374,OLW-2436,2024-01-05,09:14:23
VME-26932,OMH-9446,2023-10-22,08:40:07
XUT-07777,ONM-6687,2023-08-05,02:46:31
ECM-42044,ONQ-8395,2024-01-09,04:55:51
FLB-60456,ONQ-9714,2024-01-06,10:43:56
YSG-63195,ONZ-1641,2024-03-15,20:47:16
WHL-61244,OOC-0697,2024-01-02,20:35:09
DTZ-93560,OOO-1932,2023-06-21,05:33:51
CNF-54291,OOO-6392,2023-07-11,02:27:34
XDA-61402,OPO-5480,2023-07-01,07:27:21
VTM-67273,OPX-2343,2023-10-31,04:15:02
OXT-27854,OPX-8810,2023-10-18,18:34:58
LOD-72540,ORX-5920,2023-12-24,20:55:58
QHY-80920,ORX-6924,2024-02-02,17:35:50
VFG-76885,OSP-6486,2023-09-04,13:46:36
QQN-22815,OTT-6460,2023-09-05,05:06:08
YQB-15670,OTT-6592,2024-03-30,06:04:28
OHX-66506,OUB-2407,2024-02-10,19:33:34
UQG-20491,OUB-8904,2023-11-16,23:29:44
DKA-37599,OVK-4119,2024-03-16,06:47:48
EQN-46999,OVK-4606,2023-06-18,03:22:16
LCB-40202,OVQ-1321,2024-01-26,05:51:49
PTW-55374,OVQ-7591,2024-02-03,21:30:29
TAJ-02999,OVS-4498,2023-11-30,02:56:13
NIP-54194,OVS-6629,2024-02-16,04:47:23
SCB-46603,OVX-4023,2023-11-03,04:21:00
SRY-05001,OWB-4277,2023-10-16,13:50:48
NAT-21446,OWB-5456,2023-10-12,09:50:34
YCD-17038,OWL-2117,2024-01-09,01:39:12
QGM-02495,OWL-6099,2024-01-13,01:16:43
LSO-72726,OWW-7853,2023-07-03,02:41:05
QRJ-44519,OWW-9064,2023-11-17,22:49:24
FCF-82879,OXB-3321,2024-03-25,20:56:59
DNA-70877,OXB-4431,2024-03-28,17:19:39
FKY-96737,OXP-1792,2024-03-28,15:22:00
ECL-71483,OXP-8265,2023-10-18,12:39:49
FCZ-42180,OYB-7070,2023-11-20,13:27:57
DNG-76888,OYB-8592,2024-01-02,08:41:39
YNG-14680,OYT-3417,2023-07-13,18:16:36
ZFV-53477,OYU-4364,2023-11-28,18:32:44
RCO-86573,OYU-7224,2023-09-28,05:36:33
RSS-24301,OZM-1759,2024-03-08,02:24:15
LRT-41739,PBE-1172,2023-07-15,15:35:29
HVF-82001,PBE-3068,2023-11-15,07:04:37
YPZ-43846,PCQ-4287,2023-06-09,07:17:51
CRH-36795,PDL-0104,2024-03-14,20:48:32
DWS-45315,PDL-2824,2023-06-23,10:09:24
KIC-74606,PDO-4846,2023-11-04,19:37:45
HAG-07096,PDO-4985,2023-11-03,16:09:32
BRB-69417,PDV-0203,2023-07-16,12:56:01
CLD-40263,PDV-3933,2023-12-29,04:59:18
UVR-08749,PDX-9291,2023-07-22,10:24:55
OBD-16148,PEU-4047,2023-11-28,15:44:42
KBK-92783,PEU-4612,2023-12-10,20:45:57
HDV-58110,PEW-2090,2023-09-17,14:34:30
KNN-45155,PEW-9428,2023-07-24,01:08:45
TNY-83758,PFT-7934,2023-09-24,13:10:06
NSW-71189,PGQ-5258,2023-09-13,05:52:35
JRK-60662,PGQ-9489,2023-09-23,18:54:47
GMN-47190,PHJ-2064,2023-07-03,00:29:19
JVC-81248,PHJ-9336,2023-10-02,05:28:48
RRM-68277,PIE-6811,2023-07-06,22:16:15
YKQ-67131,PIF-5935,2024-02-14,12:55:49
QOD-92091,PIF-7015,2023-07-24,11:38:58
TIK-07057,PIM-7722,2023-10-05,18:37:28
JHB-90449,PKA-1903,2023-08-27,04:10:49
NGU-54907,PKA-5164,2023-06-06,23:35:13
NYD-84187,PKC-2798,2023-06-22,07:19:36
JYS-93405,PKC-6595,2023-10-02,22:35:30
CKW-63144,PKV-5225,2023-06-06,05:35:53
DJX-49835,PKV-9021,2023-11-17,11:18:00
SZT-49139,PLL-2878,2023-10-09,23:10:30
BNK-18629,PMZ-4061,2023-08-14,15:27:00
CHG-91394,PMZ-7434,2024-02-27,07:21:09
QFV-43348,POY-4513,2024-02-02,15:48:51
YBH-36909,POY-8878,2023-10-03,05:15:39
HGT-77486,PPX-4472,2023-07-17,21:58:01
KRW-49337,PPX-5195,2024-02-13,22:08:18
YJB-92377,PQP-4190,2024-01-31,15:37:11
TNZ-37668,PRB-3676,2023-06-12,22:37:49
ZJR-11526,PRC-2778,2024-01-05,06:07:21
RFE-59474,PRC-8451,2023-09-24,13:42:45
SAX-35594,PRX-6235,2023-09-23,15:53:39
JGU-09700,PSA-2287,2024-01-01,16:45:59
NGS-54999,PSA-6966,2023-09-01,17:27:28
MSW-28945,PTE-7618,2023-08-03,19:39:53
SDL-46841,PTE-9994,2024-03-12,03:25:48
SBY-75706,PTM-5302,2024-03-30,16:31:00
MRK-10741,PTM-8522,2023-11-13,10:23:18
UKT-78314,PTS-2673,2023-09-09,16:38:32
ODE-83262,PTS-9693,2023-06-18,04:31:19
ZBL-73893,PUT-4356,2024-02-26,01:50:00
KEY-75125,PUX-0387,2023-07-04,07:33:06
OMB-25925,PUX-9379,2024-02-08,01:14:46
LOI-21074,PWA-4969,2024-01-23,23:48:08
HTY-68744,PWA-8205,2023-07-10,11:15:07
YXP-97902,PYQ-6330,2023-10-18,13:50:09
YFO-19978,PZP-6121,2024-01-21,01:00:23
ZMG-30694,PZP-9885,2023-11-02,07:24:08
ZCA-17095,PZW-0465,2024-01-20,11:29:48
FFO-80908,QAU-0445,2023-10-09,09:18:39
HAG-07096,QAU-1574,2023-07-20,08:00:58
CKE-62897,QBS-4315,2024-03-25,07:05:29
BQM-88379,QBS-8516,2024-02-12,15:24:28
LZB-06903,QCL-2038,2024-01-21,06:13:38
IDC-16848,QCL-5401,2023-11-25,16:18:46
ZPO-61621,QCY-3908,2023-06-15,14:17:13
VFG-76885,QDN-1331,2023-07-04,23:27:37
OOJ-86402,QDN-8727,2024-03-30,13:44:14
TYU-56030,QHL-5554,2023-10-26,15:41:32
PVP-19549,QHZ-0354,2023-12-23,15:24:26
XNY-00134,QHZ-3271,2023-10-20,13:07:24
ECU-40063,QII-6354,2023-07-04,10:40:29
CUM-39629,QII-7351,2023-11-18,10:55:35
NOA-05708,QJK-5973,2023-06-15,00:45:38
JJZ-04762,QJK-8057,2024-01-30,22:56:16
WGI-69035,QKI-3993,2023-06-20,21:49:48
KDE-60370,QKK-3778,2023-12-31,10:02:11
GSW-85363,QKK-8553,2024-03-04,15:13:51
VOA-65386,QLV-5364,2023-09-02,05:36:00
EUC-73466,QNI-4710,2023-10-25,23:29:21
GJS-06694,QNI-8641,2024-03-13,23:30:17
AUI-63952,QPB-1196,2023-12-04,23:12:41
AOB-66270,QPB-6512,2023-12-10,11:14:06
AZJ-73183,QPC-3077,2024-01-25,06:27:27
BLJ-90345,QPC-7649,2023-07-26,19:11:58
LSL-84484,QRG-3349,2023-06-26,04:16:18
HVI-81558,QRG-8176,2024-01-03,11:18:58
ZHY-91844,QRI-9809,2024-01-16,08:13:11
SMV-44812,QRV-6446,2024-02-15,03:43:28
ZNU-76614,QRX-1303,2023-10-30,16:28:40
QFS-92539,QSC-1417,2023-08-12,10:17:04
LLR-44247,QSC-8237,2023-12-21,10:13:01
YQB-15670,QST-2207,2023-06-27,17:47:03
UNF-05952,QVQ-6541,2023-09-21,15:49:36
PSK-11794,QWR-4929,2023-10-19,00:31:03
XBA-65202,QWR-5494,2023-08-20,11:39:46
TPE-59637,QXS-0705,2023-08-11,04:10:34
DOE-95306,QYJ-7171,2023-09-21,08:41:00
CMS-46190,QYJ-9503,2023-06-22,13:09:16
RSJ-25707,QZN-1411,2023-07-11,10:31:52
MLP-66980,QZN-5035,2023-12-10,12:21:50
EUQ-70863,RAK-4551,2023-11-17,16:25:05
GJY-20691,RAK-7634,2024-03-23,21:34:13
TAE-31344,RAZ-0387,2023-06-09,08:45:17
PUC-34101,RAZ-3355,2024-02-04,16:22:30
XNP-94128,RAZ-8678,2023-07-19,14:32:51
UXZ-61637,RBZ-3723,2023-07-10,09:15:41
OMB-25925,RBZ-8552,2023-08-13,17:20:16
KGP-14913,RCE-2968,2023-12-06,14:55:33
GZK-39927,RCE-3542,2023-10-22,18:23:16
OTQ-15578,RCM-0265,2023-06-19,00:53:14
VOA-65386,RCM-1020,2024-02-23,12:55:25
UTK-60300,RDD-4552,2024-03-24,05:05:20
OIR-02901,RDD-9168,2023-12-24,03:54:11
KJO-79467,RDG-6097,2023-11-18,21:44:57
OUW-48835,RDG-8167,2023-06-03,20:12:26
BNS-34294,RDH-0351,2023-06-17,17:34:26
CIK-63950,RDH-4585,2023-12-13,08:41:06
WXY-42655,REU-2452,2023-10-11,23:19:28
GAH-23075,RFB-3741,2023-10-17,21:53:07
IYD-73813,RFB-6486,2023-09-17,08:26:28
VKK-70651,RFF-3362,2023-07-18,09:34:04
OSB-77289,RFF-4411,2023-08-03,15:00:03
CKW-63144,RFF-8256,2023-09-23,12:33:25
BRA-14801,RFF-9168,2024-03-17,12:34:19
NST-01723,RFK-2498,2023-09-16,06:00:28
TPI-56312,RFK-7073,2024-03-29,11:32:06
PDR-60940,RFV-1384,2023-12-18,23:30:30
ZBQ-62002,RFV-4155,2023-11-05,09:20:49
KOG-90198,RFV-4815,2023-07-28,06:17:58
QZN-66738,RFV-6162,2023-08-09,11:42:49
RHJ-93702,RGU-4033,2024-03-12,22:12:37
ZMI-98499,RGU-5919,2023-11-20,10:09:58
FSV-28476,RLG-3766,2024-03-03,10:18:23
EKI-49433,RLG-6524,2023-10-20,04:29:28
THU-52306,RLX-0529,2024-03-07,12:06:23
ZCN-40337,RME-3281,2023-06-15,03:58:34
RAX-91538,RME-9083,2024-02-15,04:50:48
XMT-42650,RMF-3837,2023-10-08,22:09:18
LOZ-11318,RND-1582,2023-08-12,17:58:38
HUF-26956,RND-8136,2023-07-23,09:52:13
JPG-04154,RNN-4827,2023-12-26,12:08:57
NSC-67873,RNN-7369,2023-12-23,13:37:32
PWE-09599,ROG-1850,2024-02-04,03:49:32
XSF-56164,ROG-3570,2024-01-19,12:51:09
UID-37750,RON-6290,2023-06-20,02:56:21
YAI-38581,ROO-2257,2023-07-02,11:28:27
RWW-28575,ROO-5713,2024-01-25,17:00:53
MON-90496,ROO-7767,2024-01-29,01:14:38
TVQ-28510,RPT-5071,2023-12-09,06:17:11
XIT-06945,RRF-3577,2023-11-07,01:28:50
LSO-72726,RRI-6229,2023-11-28,21:55:27
HWZ-79065,RRI-6548,2024-02-29,18:03:17
FIC-68232,RRU-3804,2024-03-03,23:40:41
DYU-51215,RRU-8819,2024-03-24,18:46:14
AOB-66270,RTA-6967,2023-06-20,10:11:30
AIG-94772,RTA-7469,2023-09-24,16:35:22
FDQ-77859,RTU-5035,2023-11-11,04:01:42
DNK-63427,RTU-9028,2023-10-23,06:30:11
OBL-32802,RUZ-0662,2024-01-23,15:09:00
UDW-35134,RUZ-5391,2023-10-17,18:00:02
LHR-70733,RVA-1788,2023-10-27,03:39:15
PYC-11977,RVA-7313,2023-09-23,03:57:56
WED-82020,RWO-9305,2023-09-03,03:48:52
ZHW-01464,RXM-5808,2023-06-30,21:57:40
RDW-54340,RXM-9019,2023-11-07,20:22:01
RXH-26896,RXR-3601,2023-11-12,13:29:15
KZH-92587,RXV-2699,2023-12-26,19:59:57
PSK-11794,RXV-8117,2024-02-01,21:40:13
ZKU-88534,RXY-5632,2023-09-22,03:03:40
NZY-50783,RZZ-4743,2023-08-10,23:09:06
JZW-77084,RZZ-8106,2023-11-23,21:39:19
AEH-55932,SBX-3844,2024-03-30,09:21:19
AEP-92106,SBX-8230,2023-08-25,04:31:38
JWC-72611,SDP-6590,2024-02-03,01:45:59
GNX-30299,SDP-9896,2023-10-29,00:49:49
GZK-39927,SDW-5974,2023-08-06,20:26:58
FFA-31312,SDW-6242,2023-08-15,13:25:43
YMX-43150,SFM-7014,2023-12-02,20:03:15
YNB-59015,SGC-1029,2023-11-21,23:42:03
KDY-34831,SGM-3696,2024-02-24,01:34:05
OKK-71392,SGM-4914,2024-01-08,04:18:01
ZVA-78061,SGQ-2941,2023-10-29,13:01:30
ZZY-87158,SHF-1122,2023-09-22,11:26:24
AHJ-34602,SHU-6099,2024-03-31,16:24:33
AHN-01521,SHU-8470,2023-12-27,13:48:54
MVA-27707,SIP-0252,2024-02-21,12:30:32
SMF-49110,SIP-2849,2024-01-25,17:42:01
XDA-61402,SIY-4846,2023-07-12,21:38:29
PSQ-15500,SIY-5116,2023-08-01,15:20:21
ZCE-03639,SJP-5455,2023-06-23,04:07:04
QPF-37951,SKB-7912,2023-11-17,12:16:51
YOX-67142,SKB-9830,2023-11-15,08:26:39
JLM-52031,SOE-3070,2023-11-21,04:16:28
GIR-48307,SOE-8817,2023-07-03,00:53:32
MCP-10060,SOY-1568,2024-03-02,11:23:16
RJD-42100,SOY-2558,2023-09-28,01:57:51
ONJ-50066,SPQ-3607,2023-07-06,11:54:34
VCX-71134,SPQ-5283,2023-06-25,22:56:25
RST-87819,SQI-0943,2023-09-13,16:31:13
CKS-79952,SRF-6295,2023-12-08,13:05:39
DIK-58666,SRF-7883,2023-07-08,08:57:19
DMK-75014,SRO-7013,2023-09-15,18:22:26
EXA-19057,SRO-7122,2023-06-29,16:22:11
SZH-33276,STE-9621,2023-11-01,19:38:08
SWQ-82963,STZ-3519,2023-09-10,21:00:03
KMJ-86619,SUG-5515,2023-06-23,07:36:09
OXT-27854,SUG-9182,2023-08-27,06:53:20
MCN-36443,SUH-0919,2023-07-21,12:50:35
RIR-91997,SUH-3336,2023-09-26,02:20:18
JAU-83073,SUK-2495,2024-02-12,17:37:43
MYN-12522,SUK-4683,2024-03-18,06:47:51
KCN-55575,SUW-2906,2024-01-25,21:20:29
GQZ-78616,SUW-8327,2023-06-20,10:46:16
DXQ-32741,SVO-3881,2024-02-21,08:53:19
FIC-31239,SVO-4216,2024-03-30,01:59:29
TAW-20995,SWA-9773,2023-11-19,15:15:20
UUC-42190,SWO-1693,2024-03-11,17:48:36
OIY-04946,SWO-1824,2023-06-05,20:42:06
EQJ-03602,SZS-1027,2023-12-19,17:41:37
DJX-49835,SZS-1998,2023-06-17,02:17:40
KBK-92783,TAB-4174,2023-06-26,09:51:06
GPO-77765,TAB-9077,2023-10-15,21:23:55
XBJ-83001,TAR-9096,2024-02-03,04:30:21
FYP-13369,TBD-1145,2023-11-11,13:04:40
IUU-39926,TBD-3805,2023-11-11,20:50:41
XHL-69925,TBI-8337,2023-07-14,06:11:50
ZOX-95070,TBZ-7820,2023-07-19,07:22:29
RIR-91997,TBZ-9592,2023-06-30,19:59:44
UID-37750,TCE-5638,2024-03-03,03:15:31
ODB-00996,TCE-9588,2023-09-21,05:07:24
JPG-04154,TCY-5418,2023-08-27,11:57:16
GKP-31866,TCY-6908,2024-02-01,12:47:50
MON-90496,TDJ-8771,2023-10-03,01:50:51
IUU-39926,TDJ-9514,2023-11-13,20:57:41
FIC-68232,TFK-2996,2023-09-21,05:30:13
HHJ-10920,TFK-4303,2024-03-26,10:24:18
YMX-43150,TGV-3133,2023-06-25,00:25:55
QON-86088,TGV-7346,2024-02-22,01:54:11
TKP-27207,THX-6389,2024-01-09,11:19:22
NPX-29618,THX-6491,2023-10-22,16:26:59
YSE-30986,TJG-9621,2023-09-07,12:31:33
TNT-21649,TJO-6775,2023-09-02,01:31:46
YDB-84461,TKJ-3825,2023-07-15,00:13:33
UXZ-61637,TKW-1851,2023-12-12,09:27:40
NVZ-72081,TLD-4686,2024-03-11,09:54:05
TTJ-69717,TLD-8118,2024-01-16,22:13:02
FYP-13369,TLP-4611,2023-12-02,00:55:19
EKY-98964,TLP-5021,2023-10-13,16:31:40
KUC-02981,TLU-1231,2023-06-19,05:47:59
HHJ-10920,TLU-9903,2024-02-14,14:22:08
UTK-60300,TNS-5027,2023-11-18,21:42:11
KPP-31429,TOJ-4015,2023-12-22,12:26:41
HES-57332,TOJ-6235,2023-08-17,14:49:01
AEA-09221,TOM-0982,2023-06-29,12:42:38
AEE-57374,TOM-7008,2023-06-08,11:55:57
WFH-22922,TOY-1922,2023-07-14,10:44:23
PEF-11019,TOY-4907,2023-07-24,21:08:44
HNN-06871,TPB-4190,2023-07-30,02:44:14
FMD-09386,TPB-5550,2024-03-14,05:53:34
XZH-50612,TPG-4667,2023-10-12,15:00:53
QEP-19000,TPG-7907,2023-08-15,01:17:36
INZ-84177,TPI-3119,2023-07-22,00:56:39
MGO-93456,TPI-9818,2023-06-09,10:01:47
XTQ-17477,TPK-3654,2023-10-28,10:00:39
XYD-54715,TQI-2539,2023-10-16,19:22:30
VCX-71134,TQR-2591,2023-07-15,00:43:02
JBG-30559,TQU-1773,2023-07-03,16:09:45
MYW-58134,TQU-4746,2023-07-04,00:34:45
CHG-91394,TRI-1021,2023-10-23,09:54:12
DEJ-43115,TRI-7546,2023-09-22,19:02:35
TCR-35866,TSJ-3121,2024-03-07,17:22:54
ZBX-82015,TSJ-8151,2023-12-10,08:38:30
NJU-39008,TSJ-9275,2023-06-06,18:25:44
QZU-44497,TSJ-9470,2023-08-30,15:34:40
JWC-72611,TSX-0516,2023-09-19,13:21:49
NXA-25791,TSX-5378,2023-10-28,14:35:15
GIJ-13728,TTS-4559,2023-06-07,03:46:52
JIO-40700,TTS-7988,2024-02-26,20:51:55
ECU-40063,TUB-5162,2023-07-20,08:42:04
FLF-32710,TUB-7757,2023-11-28,08:35:12
VFI-41246,TUM-9236,2023-06-21,04:23:37
VZB-72509,TUZ-5469,2024-01-25,07:25:15
OZR-11268,TUZ-7078,2023-09-21,04:20:35
TMG-69975,TVL-1814,2023-10-04,11:24:01
NPX-34883,TVL-8867,2023-07-06,12:08:45
FHG-48761,TWK-6556,2024-01-01,08:37:49
DUS-70505,TWK-7088,2024-01-19,00:07:09
WYZ-13395,TWP-0585,2024-02-20,06:27:33
DXG-80979,TXL-6571,2023-07-27,22:44:30
CSO-98321,TXL-8900,2023-07-28,00:26:38
MCN-36443,TXO-3622,2023-06-24,06:00:00
ILK-79470,TXO-9519,2024-01-02,18:20:35
LCB-40202,TXQ-3359,2023-11-03,07:59:18
HNN-06871,TXQ-9642,2023-07-06,04:24:58
TWX-83124,TXW-8992,2023-10-14,05:47:33
KNT-07817,TYJ-1224,2023-10-06,12:20:33
HDY-38602,TYJ-7462,2023-11-12,15:06:50
TAJ-02999,TZE-3787,2023-11-15,04:07:38
ODB-00996,TZH-3364,2023-08-25,09:46:52
KCQ-71974,TZH-3521,2023-11-27,21:52:14
NOL-82275,TZR-3656,2023-09-19,18:30:17
JLM-52031,TZR-6541,2023-08-14,01:25:34
FXO-62640,UAU-0880,2024-02-23,18:22:37
IRT-45168,UAU-6585,2024-01-02,20:18:35
RBY-87869,UBI-1896,2023-08-06,20:35:01
LYB-43537,UBI-6456,2023-07-07,00:48:27
RLE-08166,UCQ-6942,2023-09-22,20:32:11
PSP-25466,UEV-1503,2023-07-17,01:22:57
KZR-40884,UEV-5918,2023-09-24,07:36:25
KRW-49337,UFQ-2497,2023-08-24,21:02:59
PHJ-41104,UFQ-7849,2024-03-30,22:22:56
VVB-13381,UGJ-3554,2023-06-10,22:09:48
ICO-70881,UHF-2138,2023-06-17,09:43:02
FRE-56900,UHF-7702,2023-08-30,17:34:14
RLD-23191,UIG-0377,2023-12-12,13:07:39
ZVS-42143,UIG-4164,2023-06-26,17:45:07
MCT-84721,UII-3328,2024-01-16,07:58:45
IMJ-34713,UII-8472,2023-06-03,22:00:37
GJY-20691,UIJ-1625,2023-06-09,12:26:30
JNE-11789,UIJ-7446,2023-07-15,05:36:22
UOY-19199,UIR-2320,2023-08-15,10:11:41
OHG-31254,UIR-4781,2023-09-18,09:26:18
HEJ-02680,UIZ-3238,2023-08-27,07:58:05
TYV-02102,UIZ-9182,2023-11-19,11:07:49
KOG-90198,UIZ-9400,2023-07-22,05:37:50
ZBX-82015,UJK-5973,2023-10-15,02:10:37
CXD-69846,UKG-3618,2023-10-21,05:18:02
ECY-19008,UKG-8487,2024-01-22,16:01:18
NVR-12536,UMP-1437,2023-08-31,00:02:11
TSY-49316,UMP-2118,2024-02-28,20:04:33
HBL-63565,UMV-0238,2023-09-17,17:22:24
KKO-90053,UMV-3130,2023-07-30,02:09:46
STD-13053,UNA-7155,2023-06-15,17:49:54
NBJ-76896,UNA-8721,2023-07-05,07:02:51
ZOX-95070,UNH-6202,2023-11-24,13:15:49
BCO-22668,UNK-0122,2023-07-27,17:26:54
BNF-04840,UNK-7329,2023-10-08,16:25:00
KTI-75583,UOB-1578,2023-08-26,15:34:48
PIW-96466,UOB-4999,2023-10-29,23:34:12
SOT-54635,UPK-6501,2023-10-29,18:13:07
MYW-58134,UPK-7367,2023-09-20,00:41:16
JBG-30559,UPW-5756,2023-06-04,22:30:09
GAQ-55399,UPW-9035,2024-01-07,09:21:01
EQZ-77600,UQO-1158,2024-02-02,13:54:46
GGP-05008,UQO-4220,2024-03-16,09:01:37
WDD-19695,URU-6635,2024-03-25,23:58:09
BCX-52224,URY-4322,2023-10-18,19:56:36
ATW-85486,URY-9906,2023-07-20,00:31:20
RJS-95246,UUC-7628,2023-10-28,17:42:07
ZSZ-97439,UUC-9311,2024-03-17,02:08:20
POA-39002,UWN-6914,2023-07-19,02:30:02
WVI-06067,UWN-8909,2023-08-01,03:43:25
AEH-55932,UWS-2189,2024-01-11,15:24:40
AEE-57374,UWS-4400,2023-12-05,11:39:10
AYZ-78016,UWZ-6740,2023-07-30,19:05:48
BKO-86740,UWZ-8002,2023-10-22,21:48:01
TAE-31344,UXP-4594,2023-12-28,04:59:21
NHT-71787,UXP-9171,2023-09-27,22:51:08
ZLW-86229,UXQ-7218,2024-02-05,21:43:00
SRE-62807,UXQ-8211,2024-01-23,03:54:19
WVI-06067,UYQ-9775,2024-02-15,22:16:31
WIR-56372,UZR-1251,2023-11-08,02:39:23
PHJ-41104,UZR-4272,2024-03-10,13:10:20
QTD-36161,UZV-6362,2023-07-18,16:31:21
YWM-74722,UZV-6682,2023-12-05,12:54:49
LSO-35724,VAH-6164,2023-11-29,22:07:43
QRH-54590,VAH-9833,2024-01-22,04:58:54
YCG-95880,VBG-1105,2023-12-25,09:56:52
NXJ-62164,VDG-2481,2023-12-25,09:58:18
JWP-50932,VDG-5875,2023-08-30,08:53:05
UER-78778,VDI-4842,2023-08-13,07:11:09
PIH-41492,VDL-1129,2023-07-06,07:07:30
KRX-81184,VDL-8094,2024-03-29,21:40:05
ZIB-60373,VEB-3004,2023-09-02,16:46:42
REN-80394,VEB-4736,2023-07-05,04:29:45
CBY-03194,VFH-9229,2023-11-20,00:15:49
CPF-34515,VFH-9229,2023-11-20,00:15:49
ZJR-11526,VFJ-8633,2023-07-04,12:17:09
DFJ-54300,VFS-5860,2024-01-04,08:06:49
CHI-00080,VFS-7706,2023-10-27,16:21:13
CMI-41430,VGE-2053,2023-12-08,16:58:30
DMK-75014,VGE-9921,2023-08-19,15:58:42
TSH-82180,VGV-1683,2023-08-15,15:46:01
FYF-37427,VHA-3254,2024-02-21,21:55:52
ISQ-73998,VHA-4837,2023-10-17,09:01:40
YYJ-70942,VIB-5923,2023-07-12,09:27:57
IKG-51913,VIP-1880,2024-01-21,14:58:48
FSC-11574,VIP-4184,2023-06-22,06:18:38
WBO-40739,VIQ-6637,2023-09-04,02:50:48
PWX-68684,VJA-5125,2023-10-11,05:54:42
XSI-38994,VJA-9396,2024-01-10,19:11:40
DIK-58666,VKO-1170,2023-10-06,05:43:04
EOU-65552,VKO-1889,2023-06-22,17:08:46
TIJ-62907,VLB-1341,2024-02-24,12:09:51
YJR-21509,VLG-8667,2024-02-18,12:56:17
NPF-46161,VLP-0400,2023-10-07,07:30:10
TIJ-62907,VLP-5389,2023-11-09,13:47:17
COO-27600,VMH-7052,2024-02-18,18:28:18
DTZ-99095,VMH-8679,2023-08-19,07:38:15
WDB-70289,VMJ-6126,2023-06-06,19:14:47
RLK-34892,VML-1083,2023-07-25,01:16:27
CZT-84906,VNM-4946,2024-01-26,03:21:18
CGC-02957,VNM-6004,2023-12-23,19:52:36
SRE-62807,VNV-2527,2023-06-01,05:14:51
NAF-07403,VNV-5310,2024-03-14,05:16:04
MEE-58760,VOA-4654,2023-09-28,03:38:07
INP-93845,VOA-9702,2023-09-03,06:56:37
BQY-45193,VOF-5799,2023-12-21,03:40:07
CKS-79952,VOF-7111,2023-06-29,21:48:57
TYI-19665,VON-3925,2023-06-07,02:15:16
PYA-10893,VOP-3852,2023-11-16,16:20:32
XTQ-17477,VOP-9850,2024-02-06,18:24:34
TDI-43067,VOY-5048,2024-02-11,01:54:36
NJU-66694,VOY-8604,2023-06-09,12:05:23
TWH-54941,VQO-2184,2023-11-24,06:34:14
NWS-72345,VQO-5325,2023-06-04,18:09:47
GCK-20702,VRW-4559,2024-01-01,22:47:07
ENY-48834,VRW-7947,2023-07-09,06:07:35
MZG-60599,VRZ-1065,2023-10-26,21:13:00
SQK-49181,VRZ-5960,2023-08-27,20:25:03
NML-75856,VSZ-3051,2023-10-11,03:34:14
JIR-52209,VSZ-4725,2024-02-10,15:20:02
JAU-83073,VUW-6765,2023-12-30,09:06:15
GAJ-68319,VUW-7417,2023-12-27,18:40:39
OCU-12142,VVI-7120,2023-11-13,15:22:31
KCN-55575,VVI-8629,2023-09-25,02:40:52
HGT-77486,VVK-3147,2023-09-11,00:41:06
FIC-31239,VVK-6825,2024-02-12,05:36:23
UEK-10018,VVN-7318,2023-12-05,05:20:29
PWC-77972,VWI-7704,2023-10-16,05:14:12
XQM-99025,VWI-8586,2023-07-21,15:53:23
MUJ-38537,VWL-7136,2024-01-10,14:35:46
SGR-65629,VWL-9341,2023-08-27,07:02:12
BMZ-37405,VWV-1452,2023-07-10,13:36:49
CDF-95265,VWV-1808,2024-01-27,12:20:35
PYA-10893,VYN-2548,2024-02-02,20:20:12
LGT-05815,VYN-2794,2024-02-19,12:32:55
RLJ-24418,WAU-6933,2023-10-16,03:26:28
MEE-58760,WAU-9972,2024-01-14,14:20:41
XGN-27249,WBF-7887,2024-01-30,08:07:45
CLV-64992,WDI-6111,2023-06-24,08:48:42
BVT-77023,WDI-6332,2023-07-13,01:31:49
HUP-60554,WEP-6374,2023-06-17,03:28:22
LRO-88912,WEP-7434,2023-06-09,21:04:36
RHI-04955,WER-0890,2023-11-01,10:50:45
ZLW-86229,WER-8258,2023-10-19,23:34:15
WDI-23408,WFX-6429,2023-07-11,14:24:56
ZMX-00589,WHF-9897,2023-09-26,07:20:55
WXK-45707,WJA-3633,2023-08-28,00:16:48
NGC-71356,WLN-1161,2024-03-27,07:39:24
SWR-22948,WLN-1378,2023-10-13,05:57:14
HDY-38602,WNQ-4804,2023-07-18,23:25:16
FHJ-99777,WNQ-8617,2023-12-31,11:02:01
SXQ-85440,WNY-9500,2024-03-18,11:40:06
XUD-36354,WOP-3949,2023-08-31,10:24:09
KGJ-47389,WOU-8065,2024-03-03,03:25:00
ONK-54643,WOU-9843,2023-07-29,09:59:50
CTC-93904,WPX-1903,2024-01-18,15:24:33
CFX-22525,WPX-5587,2023-10-17,13:52:21
NGS-54999,WQC-0011,2023-12-05,18:08:55
SYG-34855,WQC-4633,2024-01-13,16:28:24
PIW-96466,WQI-1305,2024-01-07,11:43:22
WKP-77030,WQI-5997,2024-02-05,09:51:00
ASF-42284,WQQ-1301,2024-01-12,00:31:36
BCN-11763,WQQ-4236,2024-02-24,14:46:51
NTC-36262,WRX-1513,2023-09-07,17:24:06
YWM-74722,WRX-2719,2023-11-22,09:29:03
JSU-54404,WRX-4998,2023-11-19,23:41:35
YKW-20665,WUO-6020,2023-06-12,07:32:04
NZY-50783,WUT-4777,2024-03-21,19:32:55
TZF-29528,WUT-8482,2024-02-16,23:26:34
YKQ-67131,WWL-3437,2023-07-17,04:32:53
CGU-21947,WWV-3023,2023-09-21,23:37:28
DAP-69878,WWV-7095,2024-02-21,06:24:19
KDS-92306,WXK-6042,2023-08-28,20:37:52
OIR-02901,WXK-9680,2023-07-06,11:48:10
XYM-68988,WXY-0364,2023-07-01,19:46:07
BEE-58393,WYM-2862,2023-08-14,07:48:04
AUI-63952,WYM-7935,2023-08-16,12:22:11
VBH-71807,WZA-5432,2023-08-11,00:48:07
XXD-36961,XBO-1799,2024-03-12,15:32:23
WTN-50267,XBT-1313,2024-03-29,17:37:01
DXQ-32741,XBV-1850,2023-10-30,12:56:27
CSX-45498,XBV-9213,2023-10-10,01:02:38
RVL-67352,XCT-1202,2024-01-03,20:55:38
MNN-25551,XCT-1654,2024-02-25,00:35:31
JBO-72192,XEK-5649,2024-02-23,09:31:19
NAF-07403,XEK-7282,2023-12-09,23:50:26
DWT-43765,XEQ-0418,2023-06-17,09:36:15
FHR-67531,XEQ-3455,2024-01-17,21:10:07
AAO-69393,XEU-3398,2024-02-24,17:31:16
ADR-99282,XEU-5178,2023-09-19,19:43:39
WJB-51886,XFT-2742,2023-10-24,06:45:45
IAY-69621,XGI-5096,2024-03-07,02:26:54
LWD-28075,XGI-6066,2023-06-14,04:36:25
RPD-42853,XGN-3695,2023-10-13,12:01:09
STD-13053,XGN-7602,2023-11-25,11:53:40
KUC-02981,XHE-3246,2024-01-17,23:05:34
PJH-52727,XHE-5979,2023-08-19,01:17:11
LWD-28075,XHH-1382,2023-08-22,23:02:32
QZU-44497,XHH-8062,2023-11-05,22:18:51
TSK-44407,XHP-2877,2023-11-23,04:52:11
OBD-16148,XJP-3332,2023-08-22,21:52:34
UAW-53168,XJP-6688,2023-10-01,19:37:28
LAE-39923,XKC-1615,2023-07-08,23:53:14
PSQ-15500,XKC-9500,2024-02-18,23:40:05
INW-45170,XKO-2314,2023-09-18,01:35:13
FWW-75045,XKO-4542,2023-12-19,17:45:24
CHI-00080,XLU-4912,2024-03-12,21:07:30
BNP-69939,XLU-7265,2024-01-15,15:13:37
XQM-99025,XMC-1365,2023-11-04,05:53:22
XGG-22964,XMY-4508,2023-10-17,16:06:15
OSC-74578,XNR-2569,2023-08-02,15:39:13
KIQ-26936,XNR-3363,2024-01-02,18:19:47
MET-60761,XPK-0662,2023-07-10,01:07:36
RLL-46382,XPK-4625,2023-12-01,08:33:34
IVN-92350,XPN-2277,2023-11-18,14:06:57
FZP-20032,XPN-8906,2023-08-11,22:51:11
RED-49982,XPV-0396,2023-07-19,08:55:49
ZHY-91844,XPV-6383,2023-07-02,18:02:30
IEY-00277,XQL-9364,2023-12-25,09:38:54
FSA-92921,XQL-9786,2023-09-20,13:32:13
QFV-43348,XQV-4604,2024-03-15,09:58:42
LMF-11646,XQV-7412,2024-03-14,17:10:00
IWO-63601,XRQ-4139,2023-06-12,14:07:36
MTC-94752,XRQ-4239,2024-02-13,13:01:25
GQZ-78616,XSH-5212,2024-02-28,17:01:57
FDQ-77859,XSH-6119,2023-11-12,13:28:22
QOE-56926,XSP-4248,2023-06-27,05:16:40
YKW-20665,XSP-9124,2023-06-02,13:17:10
PKP-82461,XTT-0181,2024-03-20,17:04:01
WRU-36151,XTT-3229,2023-07-22,18:37:49
TUJ-84214,XUC-7103,2023-11-18,08:59:24
WHJ-74901,XUN-6925,2023-06-28,21:47:21
NBJ-76896,XVQ-1675,2024-01-11,04:13:42
JCE-45562,XVQ-4656,2023-06-23,08:02:19
SRG-18767,XXD-6236,2023-09-09,23:33:47
PYB-17242,XYE-0700,2023-12-08,10:27:27
XUD-36354,XYE-5222,2023-06-25,10:58:42
OSC-74578,XYV-1310,2023-11-09,18:01:25
VLD-69354,XYV-9703,2023-12-29,21:17:42
XSF-56164,XZO-4392,2024-03-02,20:54:03
JVE-25104,XZQ-1636,2023-09-07,13:20:40
GND-76940,XZQ-1665,2023-11-14,11:24:03
CMK-81724,YBL-3118,2023-08-23,17:32:21
DNA-70877,YBL-8741,2023-07-31,10:44:20
POA-39002,YBU-1211,2024-02-24,08:47:16
KVZ-53598,YBU-9584,2024-03-04,18:09:26
NQP-01307,YCC-0439,2023-12-12,02:59:03
TML-79989,YCC-5552,2023-06-13,06:57:31
RMN-33213,YDO-7129,2023-06-24,14:10:25
LRT-41739,YDV-3199,2023-07-18,01:16:53
QPU-49717,YDV-6989,2024-03-04,18:20:17
PTW-55374,YFL-4238,2023-06-18,03:02:06
XKZ-58530,YFL-8186,2023-11-24,10:09:44
LQG-53982,YGC-4558,2023-07-02,00:13:41
QPF-37951,YGC-9097,2023-11-01,17:17:41
CYC-77639,YIM-0687,2024-03-24,11:25:53
EGF-95058,YIM-1386,2024-03-09,23:59:13
GMF-32229,YIM-1974,2024-01-29,15:42:47
EVB-64319,YIM-8250,2023-08-30,02:04:53
RUH-83684,YIW-4091,2023-08-01,23:11:34
MML-63530,YIW-5761,2024-03-30,11:24:28
OOR-47875,YJR-7123,2023-10-23,13:13:59
KHU-89932,YJR-9978,2023-12-31,06:42:26
DIG-60917,YKA-2553,2023-10-08,16:58:21
CKE-62897,YKA-9931,2024-01-07,04:40:56
VQJ-63757,YMX-8851,2024-01-19,09:29:56
NSC-67873,YNM-5433,2024-03-03,14:23:36
TNZ-37668,YNM-9966,2024-02-12,13:59:38
WFS-10864,YNW-3571,2023-10-01,15:58:40
RAP-04770,YOC-0247,2024-03-18,04:13:25
ZCE-03639,YOC-8487,2023-09-18,12:57:12
WFH-22922,YOF-9894,2023-08-11,06:57:31
TGZ-58088,YOK-1467,2023-07-27,18:24:00
NOL-82275,YOK-4181,2023-10-04,17:28:09
CYV-20980,YQJ-6325,2023-08-19,02:23:26
EHH-13282,YQJ-9100,2024-03-01,08:26:32
PJP-77415,YQN-7289,2023-10-26,09:12:29
KUJ-72930,YQN-9594,2024-02-20,10:09:06
XZU-22265,YQQ-7447,2023-09-26,10:40:59
YXN-62968,YQR-4722,2023-06-09,08:59:52
QTP-75328,YQR-9878,2023-10-31,10:47:57
VFI-41246,YUB-2361,2024-02-22,10:57:53
OOR-47875,YUB-4756,2024-03-12,23:15:25
RGK-25463,YUF-4771,2023-11-11,19:01:54
ZKU-88534,YUF-9292,2024-02-26,19:03:52
ZID-45787,YVL-8635,2024-01-06,13:11:47
DMT-26449,YVU-5428,2023-12-14,23:15:46
FAN-11590,YVU-7752,2024-03-26,15:28:25
KVR-15564,YWF-7906,2024-02-24,00:55:08
HMG-03762,YWF-7916,2023-10-04,21:12:59
HYY-10339,YXF-0372,2024-03-28,17:46:08
LUZ-12285,YXF-8565,2023-09-21,04:39:50
WHJ-74901,YXO-1003,2024-02-13,12:01:25
PGQ-04447,YXO-9163,2023-09-30,19:06:41
BWT-93319,YXW-6202,2023-08-08,10:02:20
BKO-86740,YXW-9756,2024-02-24,05:59:20
TGZ-58088,YYC-3431,2023-07-27,03:35:23
IUM-38167,YYX-3472,2024-02-03,03:48:32
MNN-25551,YYX-9349,2024-01-10,18:33:40
LOZ-11318,YZH-3123,2023-07-26,00:54:35
QKP-52017,YZH-8803,2023-06-18,10:51:07
FII-44717,YZL-3579,2023-11-03,11:43:25
EBM-24223,YZL-3845,2023-06-30,00:06:41
SJS-13308,YZL-4435,2023-06-24,14:03:32
MUR-99928,YZL-8710,2023-07-07,04:44:20
QSC-51708,YZO-1113,2023-11-12,01:45:02
YVL-74334,YZO-1615,2024-01-07,14:38:11
VIX-05568,YZQ-5990,2024-03-14,04:25:53
RJS-95246,ZAD-5347,2024-03-04,05:56:09
MCT-84721,ZAD-8512,2024-03-09,00:14:06
XWU-19562,ZAL-4589,2024-03-16,06:41:55
HES-57332,ZAY-6712,2023-10-11,07:28:30
FHM-91166,ZAY-8208,2023-10-05,22:48:18
DTE-01299,ZBT-1284,2023-07-02,03:50:39
FEK-94166,ZBT-6204,2023-08-20,07:13:26
TMG-69975,ZDB-0472,2024-03-01,23:06:37
ENL-08699,ZEF-4010,2023-11-24,00:08:31
GAQ-55399,ZEF-6233,2024-01-04,21:45:03
ERN-41709,ZEQ-4944,2023-08-24,00:59:09
DLH-35107,ZEQ-6800,2023-12-01,19:23:41
UFZ-43645,ZFE-6558,2023-12-06,07:37:20
OCU-12142,ZFE-7629,2023-08-26,21:29:21
DNC-33437,ZFP-7169,2023-06-29,21:34:42
FCR-48167,ZFP-7653,2024-01-20,22:36:04
ZBD-55118,ZHV-3341,2023-06-10,00:50:24
ZDU-88623,ZIL-4464,2023-10-17,08:29:35
ZAI-77700,ZJK-0381,2023-11-28,03:42:30
WBR-75402,ZJN-2282,2024-03-25,16:29:11
JNE-11789,ZJX-3681,2023-09-23,15:54:06
NPO-10922,ZJX-7596,2023-07-30,23:26:37
VYV-53126,ZLO-1790,2024-03-30,21:16:37
WEU-09776,ZMR-5549,2024-02-16,21:38:46
DGH-91780,ZOK-1372,2023-09-08,22:27:00
ENL-08699,ZOK-4078,2024-03-09,11:10:21
EBM-24223,ZOU-8891,2023-11-19,03:14:38
CTC-93904,ZOU-9350,2023-11-03,22:28:24
GIC-61064,ZPT-5293,2023-10-27,00:56:32
JID-04297,ZPT-9254,2023-11-08,10:27:44
QWB-23086,ZQS-3873,2023-08-12,00:59:14
ZAI-77700,ZQS-5001,2023-12-05,02:33:09
BWT-93319,ZRB-5323,2024-03-16,18:55:01
CLX-10763,ZRB-9790,2023-08-21,14:53:44
SEP-98075,ZTR-2124,2024-01-17,12:55:30
ZPY-93321,ZTU-6951,2023-09-01,18:36:07
GMG-27242,ZUL-2200,2024-01-31,14:52:26
EVS-08313,ZUL-6722,2023-12-24,03:21:55
UXO-56285,ZVR-7912,2023-10-19,09:29:43
LZB-06903,ZVW-3335,2023-10-20,01:03:31
RBZ-83975,ZVW-9224,2023-12-30,22:29:36
TQX-30178,ZWE-1993,2024-02-12,17:23:45
NSW-71189,ZWE-9851,2024-02-22,08:37:44
ANE-25345,ZWI-5447,2024-03-07,16:33:19
ATD-97183,ZWI-6175,2024-01-15,09:31:36
XBI-79339,ZXM-7597,2024-02-13,18:42:05
JEC-17480,ZYE-0405,2023-08-31,19:04:34
NED-01548,ZYE-9942,2023-09-26,08:33:50
GMF-32229,ZYW-8221,2024-03-23,06:41:16
JRI-37767,ZYW-8731,2023-09-26,17:32:28
LOI-21074,ZZT-1200,2023-07-16,00:05:15
QJF-53127,ZZT-5740,2023-07-29,12:32:51
