promo_code,promo_start_date,promo_expire_date,percentage_discount
BU86M505PYD,2023-07-07,2023-12-27,50
BG70Z584RFB,2023-11-09,2024-03-03,25
JI24S173EUJ,2024-03-20,2024-07-07,45
FU87P552XKO,2023-11-24,2024-04-06,45
SD70E981QNT,2024-02-16,2024-08-04,40
FD47U296XSB,2024-01-03,2024-06-23,30
QQ84Y044ZAR,2023-12-21,2024-03-26,35
XE79N783TIY,2023-08-23,2023-12-12,10
PK52L982TBR,2024-01-16,2024-06-14,40
YH90N379QJO,2023-12-10,2024-03-17,45
ZQ92T112VES,2023-10-18,2024-04-13,30
VF53Q796UOC,2024-01-31,2024-05-01,35
KE71V162RRM,2023-07-07,2023-11-10,10
TX70C783IAW,2024-01-01,2024-05-06,10
DF93Q401SPA,2024-03-07,2024-06-17,15
DM80P076SMU,2024-01-04,2024-05-21,40
NW01B919NLS,2023-12-30,2024-04-21,15
YQ31F696OZP,2023-11-28,2024-05-18,45
MA21N438QVA,2023-06-19,2023-10-16,10
IH33G833LZX,2023-09-15,2024-01-18,25
GC61A316OOB,2024-03-12,2024-08-14,25
LS25F797YYB,2023-06-21,2023-11-05,35
IT50D081MAW,2023-11-12,2024-02-21,15
IM06F380EQR,2023-08-18,2024-01-08,40
QX60L733GVU,2024-03-09,2024-06-22,10
EQ29F808YZO,2023-08-25,2024-01-31,25
AN23E544CFL,2023-06-02,2023-10-18,40
JH41S284UQQ,2023-10-20,2024-03-29,40
FV01I405UNS,2023-12-03,2024-03-30,30
KR69L166VEP,2023-06-10,2023-10-26,35
DX29M145ROX,2023-12-18,2024-03-21,25
OZ71W942BSY,2023-11-20,2024-04-04,45
DY70Y825KKK,2023-12-26,2024-05-22,40
ZT79P866AIE,2023-12-06,2024-03-10,30
UZ34V465LXL,2024-03-15,2024-08-24,25
SG99F997PJM,2024-03-21,2024-09-12,15
NZ09B673VDP,2023-12-05,2024-04-19,30
QR83C056YEN,2023-11-24,2024-04-17,10
FG52P081JQY,2023-06-06,2023-09-12,5
FH77V349PYD,2023-09-06,2024-01-06,10
CF89P881LZC,2024-03-05,2024-08-13,5
UD91E934CWH,2023-10-01,2024-03-18,5
HI32R212JJJ,2024-03-31,2024-07-11,25
MI17S357LMP,2023-08-14,2023-11-26,10
SP74C584DZW,2023-07-19,2023-11-13,10
DH91Y202BTQ,2023-12-01,2024-03-19,10
ZV26P934AQY,2023-07-09,2024-01-03,45
GW90R208FHX,2023-08-27,2024-01-15,35
DO06X958TLI,2023-08-20,2023-12-28,45
XV31D268UKD,2023-12-28,2024-04-17,15
YK02Q636TWH,2023-06-20,2023-11-10,35
CB85T049FZG,2023-08-03,2023-12-28,30
NN11A214ONP,2023-07-14,2023-12-27,20
UZ54H273LNI,2023-08-27,2024-01-16,15
MY41S047EZA,2024-01-26,2024-07-22,15
ZN61Q768WWH,2024-02-05,2024-07-03,45
ZV85V308DTI,2023-06-21,2023-10-16,10
XQ96G384XHY,2023-10-14,2024-01-26,5
XT13D149ZWL,2024-03-22,2024-08-05,10
SW07F450GPE,2024-03-10,2024-08-29,15
YV45W074SOK,2024-03-27,2024-08-23,20
WY04C498RNI,2023-12-18,2024-04-14,30
KB42K202YAX,2023-08-09,2024-01-13,45
VE47W384CZP,2023-11-26,2024-03-17,35
IR52D351YAP,2024-03-29,2024-07-07,50
MM94R954KJR,2024-02-17,2024-07-15,25
XI87T096RAD,2023-12-06,2024-05-03,40
NV19L684YVS,2023-10-22,2024-01-22,5
SF86H048CHY,2023-06-11,2023-10-13,15
DQ03C964KIZ,2023-11-15,2024-02-17,35
LQ87N244AUW,2024-03-22,2024-06-28,20
AH32C120BIV,2023-06-07,2023-10-19,30
TJ14W055CAF,2023-12-28,2024-06-03,30
HL72K489ANT,2023-08-16,2024-01-18,30
EE23E882TUJ,2023-08-29,2023-12-31,30
RY10S203LLL,2023-10-25,2024-01-28,40
JU08H353ZBL,2023-12-03,2024-04-28,40
DO72V423CHB,2023-10-11,2024-03-01,35
CH41Y059ZXK,2023-06-13,2023-09-11,15
KW19K306NRV,2023-12-20,2024-04-25,15
BT87I385FCE,2024-03-17,2024-07-21,5
GG21Z196ZGL,2023-06-25,2023-09-27,25
WH68Z951QPI,2024-01-24,2024-06-12,10
RH50Q931WLE,2023-07-24,2023-11-24,30
KV55Y383TJX,2023-09-12,2024-02-08,5
EN71I823TLT,2023-11-09,2024-04-26,10
KA22R874PZV,2023-08-14,2023-12-30,40
LR20J003OKH,2023-12-18,2024-05-30,45
UG25V660WPC,2023-08-26,2023-12-10,30
QL24Y251GXM,2023-12-15,2024-04-07,15
ID11W304ZBN,2023-10-20,2024-01-24,25
CB60U987TXU,2023-08-12,2024-01-31,25
RP87D682ONN,2023-09-09,2024-02-15,20
NH49S189WSS,2023-08-19,2024-01-06,25
TZ66Y987AGS,2023-06-25,2023-11-05,10
HF00R773RZJ,2024-02-14,2024-07-11,15
XJ88G023VJB,2024-02-13,2024-07-07,30
GT35S162VKN,2023-11-22,2024-04-30,5
YT72H493VKW,2023-10-15,2024-03-14,50
OY54H782RVR,2023-09-08,2024-01-01,25
CS57V900SKD,2023-11-29,2024-04-04,15
SQ31Z981FQN,2023-08-18,2023-12-04,35
AC22U519HND,2023-08-23,2023-11-22,30
WQ00H700PPO,2023-10-24,2024-03-28,25
KQ79W997NNE,2023-08-22,2023-11-25,40
QP71U879SES,2023-06-30,2023-11-17,25
OS98I558XMZ,2024-02-14,2024-07-30,45
CA46G100UUR,2024-02-21,2024-08-07,35
KB90Y512CFC,2024-02-11,2024-06-21,45
PC12C960BTV,2023-09-04,2024-02-09,35
GA64N135MCD,2023-10-25,2024-03-22,10
AJ01G627JOF,2023-06-08,2023-11-06,30
WF28J485ABA,2023-12-17,2024-03-25,20
NM92Z324BMW,2023-11-02,2024-02-27,40
QU33Y890POJ,2023-10-23,2024-04-02,20
SY82J489HNP,2024-03-24,2024-06-23,10
ZD60E912PQL,2023-10-20,2024-01-28,45
ZO34Z797AIK,2023-09-25,2024-01-07,35
OV53E191BQZ,2023-11-30,2024-03-21,25
DD85O643AMS,2023-12-20,2024-05-26,5
TO95G133HWI,2023-10-16,2024-02-05,40
CI30C966VEM,2023-06-18,2023-11-07,10
SC71J390MJH,2023-10-04,2024-02-29,10
PP42I646EDF,2024-01-15,2024-06-01,35
EZ63B420WXY,2023-09-02,2024-02-15,40
CT44G876SXR,2024-02-24,2024-05-28,45
LO82U198YEC,2024-02-04,2024-05-17,10
IJ71H875XRV,2024-02-26,2024-08-21,15
AW57K317GDP,2023-06-24,2023-11-06,45
MZ78B601KAQ,2024-03-01,2024-08-26,5
RR33E835REB,2023-09-21,2024-01-09,30
HK90U185KJP,2024-01-29,2024-07-06,35
UQ18A847EYY,2023-12-27,2024-06-16,25
VA17W745JJQ,2023-07-25,2023-10-28,10
GJ02A158VHT,2023-08-22,2024-01-04,45
AV71N103EJZ,2023-11-03,2024-03-27,45
QP65Q572EWU,2024-01-31,2024-04-30,25
EK47P001XMY,2023-08-15,2024-02-06,10
HY35A246NVI,2023-10-07,2024-03-26,50
MU32V455QQJ,2023-07-05,2023-12-11,40
SE26B748PNK,2024-02-21,2024-07-31,40
TR42G321LOS,2023-08-31,2023-12-25,20
JU09X316LNY,2024-01-07,2024-05-31,40
GX38G780BJS,2023-12-21,2024-04-26,5
LV93Q586VZR,2023-12-02,2024-05-01,25
LP65A427FTY,2023-12-29,2024-04-07,35
GY38C914YUM,2023-07-25,2023-12-29,5
ER54K238VMP,2023-11-14,2024-03-30,20
HL90T775NJN,2023-11-23,2024-05-02,25
KB47X510VRM,2024-01-10,2024-06-29,10
UJ45N302EDL,2023-10-28,2024-04-11,25
JN13I855MGI,2023-11-08,2024-02-08,35
PP11U589SSY,2023-07-02,2023-12-22,10
CN08O228BED,2023-11-01,2024-02-16,20
AG20D518YNH,2023-08-08,2024-02-01,25
ET82Q819UPA,2023-10-12,2024-03-03,25
ML92E960LUU,2023-11-11,2024-05-03,30
BG45P476PVY,2024-03-17,2024-07-21,25
KI15Q179MHP,2023-07-10,2023-12-04,40
ZL49C671HAV,2023-07-14,2024-01-10,10
DW60T207XWI,2023-09-18,2024-02-20,15
UM02U179GWK,2023-11-22,2024-03-20,5
WJ93H922XVE,2023-12-05,2024-05-18,20
ZX11L217EHN,2023-08-06,2024-01-17,10
PZ04Y786CQI,2023-07-13,2023-12-04,20
DJ94L669XXO,2023-12-29,2024-05-05,10
SJ01Z285GSC,2023-11-03,2024-02-14,5
AQ20I002DVM,2023-10-13,2024-03-30,25
KS27O468AJZ,2024-02-08,2024-05-21,15
QF62H532PWR,2023-09-23,2024-01-11,5
IX31K072LEZ,2023-11-26,2024-05-22,45
JW29H970GRH,2023-11-08,2024-03-01,5
GP69W825MPE,2023-07-15,2023-10-13,35
TJ89G124CFH,2023-12-19,2024-04-13,40
BU12F026KJI,2023-09-13,2024-01-19,20
LZ67A801XNB,2023-12-16,2024-05-07,10
VU71W439YTH,2023-11-23,2024-03-17,15
AN39I019ZOY,2023-06-09,2023-11-17,35
FN92X282FXX,2024-02-20,2024-07-30,20
TN99C640WGG,2023-10-09,2024-02-05,10
KA51K646WVW,2023-06-11,2023-11-17,40
LP38M809JFK,2023-10-22,2024-03-01,45
QJ48S979HPF,2023-09-28,2024-03-10,25
NL13S808GHK,2023-06-01,2023-09-16,20
ES08P707QYZ,2024-02-22,2024-08-14,35
HZ78R445VNJ,2023-08-23,2023-12-04,10
YJ40F737SPA,2024-02-01,2024-07-09,5
TZ93X969AUB,2023-07-23,2023-10-28,45
BM34T836LYZ,2023-07-06,2023-12-24,25
QT85T501XBI,2024-03-01,2024-06-23,50
LZ00G775XSZ,2023-10-28,2024-04-14,25
VT46B987JVA,2024-03-21,2024-08-20,25
GN46P028FFC,2024-03-07,2024-07-28,5
ZA46M691PUX,2024-01-12,2024-07-05,10
YR09P195ZPS,2024-01-27,2024-06-21,15
PF42B724FUO,2023-12-29,2024-06-08,50
PX36M868CAL,2023-10-25,2024-03-01,45
MV75F996MZH,2023-12-19,2024-05-26,10
US49P563DTR,2024-02-23,2024-07-13,45
OG75K854BYO,2023-11-23,2024-03-01,15
KF11V833FZQ,2023-11-09,2024-02-22,10
II68U623ZHW,2023-06-12,2023-11-28,30
VP15M498OLT,2024-02-12,2024-06-01,15
ZE83G077HQR,2023-11-02,2024-03-06,45
KZ94P329IQY,2023-07-21,2023-12-13,15
EU12O236DFU,2023-11-07,2024-03-31,35
WZ79L148REX,2023-12-23,2024-03-31,45
VQ65P612MWD,2024-01-09,2024-05-21,40
YG07O939AJL,2023-10-20,2024-03-04,45
MY22D700NAG,2023-08-16,2024-01-06,15
ED50L541PVV,2023-12-10,2024-04-15,5
CE47W937JAR,2023-06-02,2023-09-25,25
RK53R078CEU,2023-10-01,2024-01-17,10
AI61Y791LKB,2023-09-15,2024-02-29,5
VF87R104HGM,2023-11-29,2024-04-07,5
ZS38M897QVN,2023-10-17,2024-03-13,20
KM87G490HQY,2023-09-12,2023-12-12,10
HI57I943AOK,2023-06-08,2023-09-10,35
XC22D113BID,2023-09-23,2024-01-17,15
FF81I669ATT,2023-07-30,2023-11-28,35
PB19Z634HSS,2024-01-20,2024-07-11,30
KQ95Y783OYF,2024-01-03,2024-04-04,15
VO91F596QPI,2024-01-01,2024-05-27,40
LE19Y090KFN,2024-03-13,2024-07-03,35
FZ10B154EJC,2023-12-19,2024-05-07,40
UG39Y583OZV,2024-03-25,2024-07-09,45
CV15P783YFT,2023-06-29,2023-10-25,30
GA76N757ZZA,2024-02-11,2024-06-28,40
TO99D477QZK,2024-03-22,2024-07-25,45
QO34H626GFQ,2023-07-07,2023-10-29,10
ES53V728LGL,2023-08-27,2023-12-02,5
TB44C965KUO,2023-08-12,2024-01-11,45
RS66Z374UFL,2023-07-10,2023-11-15,20
KA23F713QPJ,2023-08-08,2023-11-23,45
QL84P199GRB,2023-06-15,2023-10-23,15
SM82M514AUQ,2023-10-09,2024-03-03,30
YJ94I233TMV,2023-10-11,2024-01-21,5
XR85Q247CCV,2024-03-25,2024-09-04,15
PW78Z666DYN,2024-03-31,2024-07-30,10
JD53T024YRI,2023-07-22,2024-01-11,5
LV68C805QRZ,2023-09-25,2024-03-13,20
BH47V006IFV,2024-01-02,2024-05-23,25
ZM25B026PLK,2023-08-02,2023-12-25,20
MP80C389GIH,2024-02-05,2024-07-03,10
TZ83V757BON,2023-11-18,2024-05-02,15
GW62L578VER,2023-11-28,2024-03-21,5
OI09D763JNB,2023-07-02,2023-11-15,10
VS83G015VJY,2023-06-02,2023-09-22,10
HV22J044SOY,2023-08-02,2023-12-25,20
KN64W888OAD,2023-06-27,2023-12-05,30
AI45J097DCW,2023-06-09,2023-10-30,5
AB56P454RQN,2024-01-01,2024-05-26,20
ZR24D138TPB,2023-12-16,2024-05-23,15
OG30L934GUH,2024-01-16,2024-06-28,15
BA44C063NSL,2024-01-08,2024-05-18,20
QE32Q464TKB,2023-10-24,2024-04-15,15
KP33A765SXY,2024-03-19,2024-08-14,25
BL45X106YUR,2023-10-05,2024-02-13,10
YS25T377XNR,2024-02-05,2024-05-22,30
RY56Z823PYU,2024-03-23,2024-08-30,40
HG79A489WSZ,2024-03-16,2024-06-21,5
QZ16J175HOW,2023-09-14,2024-01-25,35
XT78G256VKO,2023-11-05,2024-03-11,45
QX48X733JZW,2024-02-07,2024-08-02,35
GM77V877XVZ,2023-10-04,2024-02-10,15
TZ51M533HOU,2023-12-25,2024-05-21,5
VR55P218IEL,2023-07-04,2023-11-18,5
QE31Z937WMZ,2024-02-25,2024-08-03,40
FL01E553PKI,2024-02-03,2024-05-31,10
ZQ86I145KHL,2024-02-18,2024-08-01,40
LR01U388TMW,2023-10-24,2024-03-12,45
JO62P836ELK,2023-07-27,2023-12-10,40
YX27V005IBN,2024-01-30,2024-06-26,20
XZ85M400JMP,2023-12-23,2024-04-30,15
XS93O814ZTM,2024-03-23,2024-07-16,25
QV69L328MXN,2023-08-06,2024-01-29,10
ON22U383LYB,2024-02-26,2024-06-03,10
HH87O525KLC,2023-11-19,2024-03-08,35
YC31Q211VRF,2023-12-16,2024-03-18,25
UG74T409NSJ,2023-09-05,2024-02-04,25
PF49J078ZFT,2023-08-08,2024-01-10,40
SS36T424ULH,2023-12-24,2024-04-30,5
QH19M956LOD,2023-11-05,2024-04-06,20
KE31G286IRK,2023-06-07,2023-10-21,5
UV96A868NLF,2023-11-20,2024-05-05,45
AE83W062JDV,2023-06-01,2023-10-29,30
DZ90E353UCK,2023-07-29,2023-11-22,15
CE35A291FID,2024-01-09,2024-04-19,5
QW05U036YSK,2023-10-16,2024-01-17,15
XV23T484KKB,2023-08-12,2023-11-25,25
SE14N176JMI,2023-08-12,2023-12-29,20
UB00Y737KAC,2023-09-25,2024-02-18,45
DN27B637MAK,2023-08-22,2023-11-28,45
AD83H992RWB,2024-02-15,2024-08-09,25
XN14L402VIQ,2023-08-20,2023-11-25,5
TH57P572UEF,2024-02-02,2024-07-03,35
NC13Y827YLK,2023-07-01,2023-11-30,30
TT47I002ZFU,2024-03-19,2024-08-03,25
KX72A789YGB,2023-11-28,2024-04-29,10
QF08P193FUI,2024-03-05,2024-07-16,35
QT33K982OTE,2023-06-26,2023-12-21,20
YV77H182HES,2023-07-17,2023-10-17,30
OB35I865NMU,2023-06-28,2023-11-13,20
JC79M570CYI,2023-06-22,2023-11-20,15
GU16S945EGL,2023-09-09,2023-12-24,40
BE62G738DXQ,2023-07-18,2023-12-13,15
TQ05O161PBV,2023-09-23,2023-12-29,20
NZ85R778QMO,2023-11-20,2024-02-24,20
TW68P538IEZ,2023-08-23,2023-11-30,15
RX07A070AHM,2024-02-22,2024-06-14,25
SZ68N392MWG,2023-06-30,2023-10-06,45
WJ53D579VMK,2023-11-22,2024-03-14,30
FY75U763MKC,2023-06-14,2023-10-05,25
UZ46X947UMJ,2023-08-19,2024-01-07,30
YI70V127PHV,2023-10-01,2023-12-30,10
TX44F738SXM,2023-08-02,2023-11-23,45
HK58V127GUH,2023-10-01,2024-03-06,5
FK71T589EWI,2023-12-30,2024-04-04,15
CN90A376HVP,2023-06-25,2023-10-19,20
GK88K471OEJ,2024-01-22,2024-06-07,20
GX25O299HDA,2023-08-04,2023-11-18,15
VM53R276VBI,2023-06-15,2023-10-21,40
SC25R466RPL,2024-03-12,2024-07-30,10
DS10J953NXH,2024-03-04,2024-07-28,35
GG60F530SIC,2023-09-06,2024-02-06,30
OW11L601NBY,2024-01-29,2024-07-20,20
CG76D228FJZ,2023-12-15,2024-03-16,35
NJ34A666VDS,2023-11-13,2024-02-11,5
LO00L203ODS,2023-12-23,2024-04-29,35
MF76F534QHY,2023-09-17,2024-02-12,40
DF35H120UTW,2023-09-09,2024-02-20,35
PS26Q431HCS,2023-06-24,2023-11-15,5
WQ30U240ZTO,2023-09-05,2024-01-12,15
UO03M982GPY,2023-07-31,2023-12-21,45
XW62X695WWR,2024-02-26,2024-06-15,30
VJ73X247TPO,2023-09-05,2023-12-18,45
HS28J749VAE,2024-02-02,2024-07-20,5
HI35Q366FIS,2023-11-01,2024-04-17,25
SO73W275CUC,2023-10-01,2024-02-15,40
QL76D004HVQ,2023-08-08,2023-11-17,30
VN53T903PCF,2024-03-12,2024-06-22,15
TD50K341PFG,2023-09-11,2023-12-27,15
GG61L224MLB,2023-10-23,2024-03-05,20
SH20R873JLK,2024-01-27,2024-06-14,35
ZN34L309CMN,2023-09-29,2024-01-07,20
EB33R649UGM,2023-08-25,2024-01-23,15
UN09V303PRP,2024-03-11,2024-06-18,25
PG73W122VNA,2024-01-04,2024-05-17,45
SG28X057FJN,2023-10-12,2024-02-21,20
YO26O322NXH,2024-03-30,2024-09-09,30
UK40C832PIC,2023-11-05,2024-02-29,45
XS69F027VGB,2023-08-21,2023-11-24,45
FN19D181DZG,2023-08-15,2024-01-11,30
XS59S933PPZ,2023-08-14,2024-01-20,45
FP63V142WWO,2024-01-04,2024-06-16,15
YA87J150TZU,2023-11-17,2024-02-18,35
QV80C901JRY,2024-03-10,2024-06-22,20
ZW41W097CFU,2023-09-21,2024-01-15,35
FS19R714AKM,2023-09-07,2024-02-05,35
DH59Q871VUM,2024-03-22,2024-07-11,5
ID79M050JYF,2024-02-28,2024-08-20,35
NE59K204ADT,2024-01-29,2024-05-13,40
NX47L452QNK,2024-03-25,2024-08-10,20
QK71V118NVN,2023-10-22,2024-02-02,25
JS04L424EKG,2023-09-19,2024-02-27,40
WA89N611EAU,2023-07-29,2024-01-09,10
PI04M087PVH,2024-03-16,2024-07-08,25
GD45A097CNA,2023-11-25,2024-04-02,20
VI51K828IFG,2023-10-14,2024-01-22,40
HP61V871TNY,2024-03-01,2024-07-30,50
MW11F070WHN,2023-09-05,2023-12-14,10
UW47R686QAB,2024-02-09,2024-06-11,25
KP67D331MCT,2023-10-05,2024-01-13,35
EQ72E559MCG,2023-10-29,2024-03-11,50
RD15L573HTD,2023-10-14,2024-02-16,50
CA28G062KFM,2024-03-19,2024-08-23,20
DW46J383JSY,2023-06-10,2023-10-13,10
LG55S620ZIC,2023-07-11,2023-11-11,45
QT68X124VIH,2023-07-30,2023-11-11,20
TS92R767UKR,2023-09-20,2024-03-17,25
AJ55E345HGS,2023-09-23,2024-01-03,35
MG76S647ADU,2023-10-18,2024-02-10,25
UX19E849XWX,2023-08-29,2024-02-10,45
KJ89K299LPK,2023-11-14,2024-02-12,45
MP67L474MUI,2023-11-28,2024-03-16,5
ME04O298QAE,2023-10-28,2024-04-18,15
SA02U098MPW,2023-06-08,2023-10-28,5
JJ69V216DEY,2023-08-19,2024-02-05,15
JF64F595AMZ,2024-03-02,2024-07-22,25
YF42S042BTF,2023-07-29,2023-12-07,5
EX43Y058LVT,2024-03-15,2024-07-21,45
YJ12H914CMD,2023-10-17,2024-03-15,5
YT95A821WOF,2023-10-18,2024-01-24,30
XV61W198IHD,2023-10-10,2024-02-01,10
PF36A826RMN,2023-08-11,2023-11-20,20
MS86D686DQG,2023-09-04,2024-01-24,35
SF38I276NBB,2024-03-02,2024-08-23,20
DF42O988FSA,2023-10-26,2024-03-15,10
QO73N348NAI,2023-12-05,2024-04-28,40
CC54B399HSU,2024-02-04,2024-06-01,10
YI44Q895RZZ,2023-08-07,2024-01-09,10
EH42O350XKD,2023-07-30,2024-01-01,30
ZG94K452UWZ,2024-03-13,2024-07-16,40
XS00I767MPX,2023-07-12,2023-12-10,35
QJ13R134VHB,2023-11-19,2024-04-03,30
YU24S111JCA,2023-10-08,2024-03-03,30
RM16K918ZPH,2024-02-01,2024-05-19,35
IW96D852NGT,2024-01-29,2024-07-15,5
RQ62A104CON,2024-01-06,2024-06-25,30
VE07A620ENW,2024-03-08,2024-06-13,15
OF34K963FLR,2023-07-14,2023-11-12,20
HM59N663QFP,2024-02-23,2024-06-26,35
MX35G873RRY,2023-10-30,2024-02-08,20
HE29T454TNB,2024-02-10,2024-06-12,40
UW05Y014MGG,2023-06-21,2023-09-29,30
HX03V868ZRT,2023-06-14,2023-10-15,15
BZ01R157GIA,2023-09-05,2023-12-13,15
BD86O305VNE,2024-02-29,2024-06-12,5
UU60W628TZK,2023-09-15,2024-03-01,15
DE44V766FZM,2023-09-14,2023-12-17,5
FO98O221IDM,2023-11-04,2024-04-21,25
WE63Y692YHP,2023-08-15,2024-01-02,10
TQ53Z275GLQ,2023-10-27,2024-02-05,30
ZX77L713NJR,2023-08-31,2024-02-01,45
ZA05X608WWM,2024-01-25,2024-06-14,35
FN88D133WHA,2024-01-07,2024-05-30,5
IH32A961MFW,2023-07-18,2023-12-22,45
JW72B931DCX,2023-10-25,2024-03-15,25
LY07J576UQL,2024-01-03,2024-05-24,30
BR62I068LWT,2024-02-11,2024-07-11,45
QL11U262TKE,2023-06-06,2023-11-25,35
CO82L713WCZ,2023-06-12,2023-11-14,25
IP99N872EGJ,2024-01-19,2024-06-23,5
RX02P700DRG,2023-11-06,2024-04-20,45
IG08U948XRY,2023-12-05,2024-05-10,40
QA86V735DUJ,2024-02-24,2024-08-03,5
EA36U382UZQ,2024-03-28,2024-09-10,40
IO68C600PBB,2023-10-27,2024-04-02,40
MG04X724ULA,2023-10-05,2024-01-22,45
HK30Y794IWU,2023-07-10,2023-11-18,50
HW50H779XKO,2023-06-16,2023-09-29,10
LX19W668RWO,2024-01-23,2024-07-20,10
ZK69R091XYB,2024-01-15,2024-07-13,25
ZT72V531ELD,2023-12-31,2024-05-29,5
JE12S765ZNM,2023-06-22,2023-10-11,30
SN58B721OYC,2023-07-17,2023-11-17,35
ON18G115XSC,2023-09-24,2024-03-20,15
BN24E101EQK,2023-10-04,2024-03-13,25
ZQ94T971RQH,2024-03-20,2024-07-28,30
UV29M805ABC,2023-09-23,2024-02-15,40
HR55L026XUD,2024-03-26,2024-07-01,45
CR23V983BOH,2023-11-23,2024-05-18,10
JC67L134QOD,2023-09-27,2024-03-08,30
FQ54Y416VTC,2023-07-30,2023-12-03,25
UF55V209CAP,2023-12-05,2024-04-08,20
SD73P215EDA,2023-12-31,2024-05-18,35
CR51M075VKR,2023-06-13,2023-10-30,40
ZY66Z572QTH,2023-07-27,2024-01-02,30
IZ86Y252PWB,2023-07-03,2023-11-19,20
FZ26F607RVF,2024-01-01,2024-04-05,10
OZ81M015VTK,2024-02-07,2024-06-07,25
AG58R748EBD,2023-08-16,2023-12-22,40
OE20L665GMX,2023-12-01,2024-05-29,35
GH97N171XXJ,2023-06-28,2023-10-10,25
PB46C796PJS,2023-11-28,2024-05-06,30
VT86B065VLH,2023-08-18,2024-02-06,5
YX58G867AEE,2024-01-04,2024-05-09,45
EK09L788ETX,2023-06-17,2023-11-12,45
BK32A098GAW,2024-02-27,2024-07-06,5
LF01X744WQB,2023-08-09,2024-01-27,40
OE61S359HVI,2023-12-09,2024-05-15,5
YR64J304IVT,2023-06-20,2023-10-27,25
FZ94A740XBG,2024-03-06,2024-08-17,20
AH70G287JVV,2023-09-10,2023-12-25,40
YN88A342IHY,2023-12-20,2024-04-14,25
UW50L585OPK,2023-10-14,2024-03-26,10
MQ31T936WDQ,2024-02-07,2024-07-23,45
WZ07M209BGZ,2023-09-25,2024-01-16,20
JV47C125DRS,2023-08-03,2023-12-01,20
UR85M145JDO,2024-02-08,2024-08-01,20
YB83R629PKM,2024-02-29,2024-08-27,35
FX45T755FNO,2024-01-05,2024-06-17,5
YR60J272OND,2023-09-07,2024-02-25,5
DU63L727XKV,2023-07-09,2023-11-26,35
UF80O088BYS,2023-07-02,2023-10-21,40
LE24W211WYA,2023-06-24,2023-11-06,40
MO48G173HKM,2024-01-31,2024-06-30,45
NZ60B391CIX,2023-08-03,2024-01-24,45
DC33A191UXC,2024-03-28,2024-08-20,15
VW22F849CUQ,2023-10-19,2024-02-03,45
HL15O870BNR,2023-12-07,2024-05-23,35
CH99Q848URN,2024-02-03,2024-06-25,25
QP31J444FWE,2023-10-19,2024-04-08,40
LR92M277WLC,2024-03-18,2024-08-03,10
WS20I630DSK,2023-11-23,2024-05-19,20
ML79J184SXS,2024-03-14,2024-09-03,35
XS25B371IDB,2023-08-31,2024-01-24,40
VF28M618TBF,2023-12-23,2024-05-20,5
KK56E569USA,2023-07-21,2023-11-28,45
MD73B950TQA,2024-03-03,2024-07-10,40
OQ50R170HWT,2023-10-11,2024-03-20,50
RU88F230JIW,2023-07-27,2023-12-30,40
TM57W732DWI,2024-02-09,2024-05-21,45
LS25D135TNI,2023-06-15,2023-11-19,35
PV29H636TMU,2024-03-20,2024-07-05,20
YN39E095ENN,2023-12-10,2024-03-16,25
TI98B832EIH,2023-08-04,2024-01-15,25
CE47Y139DFL,2024-03-16,2024-07-19,15
KV09S286BIL,2023-11-24,2024-03-05,30
BH68T923JRT,2023-12-11,2024-04-19,35
VI75I630DMK,2024-01-26,2024-05-18,10
IP86R702YWE,2024-03-12,2024-07-01,15
BV84B350ENZ,2023-07-06,2023-11-01,5
KH12V598UKQ,2023-09-02,2024-01-17,25
GG69A871YGL,2024-03-27,2024-09-13,20
JR70J927ZLT,2023-07-27,2023-11-18,20
XZ56S639GYU,2023-12-04,2024-06-01,40
VS17Q542ITO,2023-12-01,2024-03-18,20
LP50H307JVY,2024-02-16,2024-07-06,35
UI21Q226LZC,2024-01-27,2024-06-29,10
XI66X439XQJ,2024-01-06,2024-04-27,10
SN83B216AIF,2024-02-28,2024-07-16,30
XZ08S470GCP,2024-01-20,2024-06-03,5
NC42D625SOT,2023-06-02,2023-10-09,20
ZE53L775UGU,2023-08-25,2024-01-03,15
QC83J363GHN,2024-01-07,2024-06-16,35
TP09S692JWL,2023-12-15,2024-04-24,20
WY27X719JEQ,2023-10-23,2024-03-07,15
XR21D477PAE,2023-12-30,2024-06-27,25
RI78B338KMC,2023-12-21,2024-05-24,5
XM85M689ZUS,2023-12-09,2024-04-21,10
CI58Q598BOD,2023-09-29,2024-01-20,40
GC13D273YJS,2023-07-03,2023-11-12,25
GP61W430AGJ,2023-07-23,2023-12-12,20
VA03H705WVT,2023-12-28,2024-06-17,40
DB38B053AVA,2023-10-09,2024-01-27,5
IG74W766ALS,2023-06-05,2023-11-04,45
NH42P928UAE,2024-02-12,2024-07-24,45
IJ89O664ONC,2023-11-22,2024-05-01,40
DX79B132MON,2024-02-26,2024-07-31,35
HZ59S739ADD,2024-03-20,2024-07-07,5
GY02I749RHY,2023-12-15,2024-03-31,45
CU40D966MUS,2023-11-04,2024-05-01,20
FT44W296IOE,2023-10-15,2024-04-06,30
GN46L718AAC,2023-10-18,2024-03-29,20
SJ76O350IWE,2023-08-22,2024-01-02,35
GP27L326SZV,2023-11-29,2024-03-14,30
ZX83N379PLJ,2023-06-05,2023-09-27,10
PB79G829WTW,2023-09-28,2024-02-16,15
BN93E686RQS,2023-11-22,2024-05-03,5
JG09B078TRH,2023-07-19,2024-01-15,35
IS96H049XGW,2024-03-18,2024-09-08,35
FY67X775XBT,2023-07-15,2023-10-13,25
OM18F221YOF,2023-11-23,2024-05-08,35
NP70G326DEB,2024-03-05,2024-06-26,40
EM61S178UFT,2024-03-11,2024-06-09,40
JC61B369IFQ,2023-09-12,2023-12-28,25
BJ11I016BGI,2023-08-01,2024-01-22,10
SR17V828KRD,2023-08-29,2023-12-18,20
IK18G205YTN,2023-09-06,2024-01-10,5
BL38F548ITJ,2024-02-24,2024-07-31,5
EM06N362VVV,2023-07-12,2023-12-02,25
CK66P472SRB,2023-09-20,2024-03-02,45
YJ39V386LEA,2023-07-06,2023-11-24,35
IT50E668MRP,2023-06-10,2023-10-02,45
XE90H508VWW,2023-11-03,2024-02-17,25
VL77H474FCR,2024-03-10,2024-07-04,10
TZ74Z777EGI,2023-12-09,2024-05-29,35
GM52D732BXB,2023-08-25,2023-12-14,30
JF91P672HOM,2024-02-04,2024-06-20,20
AP11F597TTX,2024-03-02,2024-08-24,45
KL36Q681MSY,2024-01-30,2024-05-23,30
OV40L721GYZ,2023-12-15,2024-05-31,40
IH98J030UGA,2024-02-25,2024-06-25,10
PV39Z602URM,2023-08-12,2024-01-10,30
NF91S037AGT,2023-10-25,2024-03-10,45
WD10J827IOM,2023-11-18,2024-03-04,10
SG14P407BZX,2023-07-03,2023-12-30,45
ZS02R850GZX,2023-12-10,2024-05-10,25
JV27R039DVD,2023-12-10,2024-05-29,50
YU79A053CIM,2023-06-03,2023-11-19,30
AG48H567OVA,2023-11-08,2024-03-26,30
NF23I170CET,2023-11-27,2024-05-09,15
HG49G255GZZ,2023-06-11,2023-11-25,15
MS61E791KAZ,2023-08-25,2024-01-30,25
XV21T294QTC,2023-08-09,2024-01-24,30
WL39Z639FRB,2024-03-09,2024-06-19,10
MW78X068VMP,2023-09-16,2023-12-31,35
LF24W947FWM,2024-01-12,2024-06-29,35
IH97E419JQL,2023-12-05,2024-03-27,40
XD21S068DHA,2024-03-26,2024-06-28,45
OC13P416XHN,2024-01-18,2024-05-02,45
EN73J253VQE,2024-03-25,2024-07-21,5
TA30B936NWD,2024-01-22,2024-06-27,20
EM08K579VZS,2023-08-01,2023-12-17,30
QF73K224NFW,2023-06-04,2023-09-21,25
AA78E705DAB,2024-01-24,2024-05-17,25
TG62S209MEB,2023-06-21,2023-10-24,30
DA94R749HXZ,2023-11-02,2024-04-15,25
ZO81D282WSJ,2024-01-11,2024-06-02,25
FO19U951LMD,2023-11-03,2024-03-06,45
WT09J515UGG,2023-12-10,2024-04-18,25
TK70U888ZWO,2023-09-20,2024-01-17,25
JS21K856RYH,2023-10-13,2024-04-06,35
FE78Z500NXV,2023-12-11,2024-04-16,45
IR68L897LLP,2024-03-13,2024-07-01,15
XO31H382RFC,2023-08-02,2023-11-29,45
OP16Z995RGT,2023-12-08,2024-04-19,10
CU47I409VIU,2023-12-04,2024-05-30,40
MX07H544IJM,2024-03-04,2024-08-27,30
BE32X113NOH,2023-12-05,2024-03-16,15
DV90D034IZR,2024-02-20,2024-06-20,10
YE73Q635EZY,2024-03-19,2024-07-14,30
OZ59H458JYJ,2023-11-26,2024-05-12,5
RE53Z511ASA,2024-03-30,2024-07-24,20
HD16F040YMT,2024-01-01,2024-06-01,35
CU65C911VBU,2024-02-09,2024-06-25,25
HI86B476KQR,2023-06-10,2023-10-10,5
VG61I748SOQ,2023-10-27,2024-03-25,40
YK11Y491FYH,2023-10-15,2024-03-15,25
CM95V908ZEP,2024-01-25,2024-07-18,35
DJ12K645BFZ,2023-11-16,2024-02-29,35
RZ17Q376DLI,2023-09-07,2024-02-03,45
XY13Y171FQI,2023-08-07,2024-01-07,15
SA95F796AOE,2023-11-13,2024-03-28,10
VS04A935ONO,2024-03-17,2024-06-30,5
BP83J862VHI,2024-02-02,2024-05-19,10
CT89O462RSS,2024-03-01,2024-06-28,25
ZW12H803PXK,2023-06-11,2023-09-30,45
OX63J397PJX,2023-07-04,2023-12-14,35
IL33P780VRJ,2023-11-01,2024-03-22,5
VL30F683ZAD,2023-06-30,2023-11-24,45
OJ27Q304CKC,2023-12-14,2024-03-20,45
TP95P732OCG,2023-07-28,2023-11-18,20
QW18A762XZL,2023-08-30,2024-02-08,40
NO77E825LYY,2024-02-14,2024-05-14,50
WR14E331FMS,2024-01-05,2024-06-25,20
BW73O298MYE,2024-01-05,2024-04-16,20
DG48P729LRE,2023-10-29,2024-02-16,30
AD89T119MCZ,2023-10-05,2024-01-29,35
ST55Z068IOI,2024-03-10,2024-06-27,45
AR70O990RRQ,2023-09-04,2024-02-12,10
SA67D813OJT,2023-12-22,2024-06-05,45
CA10M265JFZ,2023-12-10,2024-05-20,20
JP03X880KIV,2023-12-11,2024-04-09,45
WH40O252POT,2024-01-10,2024-06-06,25
PG34P968CDE,2023-10-16,2024-03-31,40
JB93C930LSO,2024-02-16,2024-07-22,10
HA13E309OQA,2023-12-23,2024-04-13,20
KS21S929UOV,2023-09-30,2024-03-26,25
UI08M032CPU,2023-08-23,2023-12-25,30
CQ94T956PQF,2023-09-15,2024-02-03,35
VC68E856BTK,2024-03-24,2024-09-04,20
CI74H413PLT,2024-02-20,2024-06-27,20
KE28I738TRR,2023-09-18,2024-02-26,10
ZD15K849SDK,2023-08-11,2024-01-10,50
WP13J494TNW,2023-08-04,2023-11-26,30
VG86Z412UBR,2023-07-15,2024-01-05,20
CJ42F364UJN,2024-02-05,2024-07-23,45
QU17V531EGV,2024-02-15,2024-06-10,20
FO97E727BIC,2023-10-13,2024-04-08,20
GM67I786FCC,2023-12-17,2024-06-11,25
NI55C715VOQ,2023-11-02,2024-04-26,20
FX73R977WFE,2023-08-14,2023-12-26,20
VB21H201XZG,2023-12-15,2024-06-12,30
TJ92P091UKY,2024-02-11,2024-05-27,10
DU85N378GRX,2023-10-01,2024-02-10,45
YE99I064TYM,2024-03-27,2024-09-23,15
WS09R517GGF,2024-01-27,2024-05-22,10
US60R478FJZ,2024-02-11,2024-06-24,5
KH21T466LKW,2023-07-08,2023-11-13,40
YU27G527KEY,2024-03-27,2024-09-12,20
TN40N639NNP,2024-01-22,2024-06-09,25
TU92U370MGC,2023-10-30,2024-03-15,40
OM19N192ZYA,2023-07-31,2023-12-20,45
JY16M099GNK,2023-12-11,2024-03-14,20
MF61C352JSG,2023-08-07,2023-11-14,5
JM71P492QEZ,2023-08-22,2023-12-12,35
TX94L881BAE,2023-10-31,2024-04-03,25
DU41M772ZTV,2024-02-14,2024-07-30,30
HC84A602HQE,2023-10-08,2024-01-30,10
GP88D269HMB,2023-09-02,2023-12-26,15
QT10T419NMQ,2024-01-24,2024-05-25,25
GB81S381KXC,2023-09-12,2024-03-01,40
VM06W284YXK,2024-01-21,2024-06-02,10
OP33R672VIK,2024-01-14,2024-06-04,10
VT02H015GGI,2024-02-22,2024-06-19,30
ML49I160OEZ,2023-12-18,2024-05-11,25
IX74F667AYK,2023-08-29,2024-01-10,40
FC30U339KIU,2023-06-20,2023-11-20,20
CB35V901BWO,2023-06-05,2023-09-20,20
BF07H531NGD,2024-02-12,2024-06-01,30
JL14Y711EVR,2023-12-12,2024-04-22,35
NC88B940RYL,2024-03-19,2024-08-19,10
SP55E632OHW,2023-09-08,2023-12-21,35
SA06V963TUS,2024-01-16,2024-04-20,20
DW28Z629HRO,2023-12-20,2024-04-25,30
SG92L694MWU,2023-11-16,2024-05-09,10
TA39U764JUG,2023-07-10,2023-10-14,10
ZB26J712JHF,2023-06-05,2023-09-28,40
ZM12X245YPQ,2023-11-07,2024-04-22,40
GQ79J433ECZ,2023-07-22,2024-01-12,40
BX96E669ZST,2023-10-21,2024-01-23,15
XK76Y155MCA,2023-10-24,2024-02-29,20
JY97U873UVU,2023-07-14,2023-11-30,10
EI46P501WCH,2023-10-30,2024-02-21,35
LL57H129LMX,2024-03-10,2024-08-21,45
MO52B865QMW,2023-08-14,2023-11-21,20
IE70H050XCU,2023-10-23,2024-02-01,25
SN59I516EWT,2023-07-27,2023-12-03,30
EU29N483FVX,2023-06-20,2023-11-05,30
FR49F052UWC,2023-12-26,2024-04-26,10
HX74Y705NKR,2024-01-16,2024-06-07,40
LJ23F901KLJ,2023-09-08,2024-02-18,20
HX14X697AUD,2023-12-26,2024-06-17,25
UW57D601PBQ,2024-02-03,2024-06-21,10
PJ03F839QBL,2023-11-06,2024-04-01,25
KX55I754HNW,2024-01-18,2024-05-09,20
TZ98N412MRA,2023-12-28,2024-06-06,45
YG06J071BQQ,2023-08-12,2023-11-29,10
XD33J205BJP,2023-10-15,2024-04-04,15
PE00P518PMH,2023-11-24,2024-05-03,30
PW86R488YOQ,2023-11-15,2024-03-02,45
HJ39I091TPV,2024-02-11,2024-05-17,10
GC72I405KKX,2024-01-02,2024-06-12,30
TO00A421DWF,2023-12-13,2024-04-03,10
FA03G386EMP,2024-03-26,2024-08-23,40
AU58M576AFL,2023-08-19,2023-12-05,35
ND39T388XFU,2024-03-14,2024-07-30,40
WY27X050VIA,2023-10-29,2024-04-24,40
FL33V191GSR,2023-07-14,2024-01-07,5
NQ44P662HPW,2023-06-11,2023-10-27,35
FL96M574JZL,2023-08-27,2024-02-12,25
IO94Q194NEX,2024-02-25,2024-05-27,30
ID75T562TJN,2023-07-07,2023-12-28,15
JG39X645LKZ,2023-08-15,2023-12-21,35
SL27L678FUT,2023-06-12,2023-10-24,40
LO46I336WBM,2023-07-18,2023-10-20,45
AG79Z502MUV,2024-01-08,2024-05-03,25
DV62V485RTC,2023-11-07,2024-03-19,15
TC60U972LVR,2023-08-07,2023-11-28,40
EM03Q085RBF,2023-09-24,2024-01-05,5
LC00Y947XKI,2023-11-27,2024-05-01,5
AQ10D321YLO,2023-10-14,2024-02-24,35
RR98N174ZXD,2023-10-02,2024-02-26,20
DP94H562TVY,2023-09-28,2024-02-29,20
MO35T410WNJ,2023-11-28,2024-05-10,5
XR60T035APO,2023-12-04,2024-05-28,10
IH64Y835LBR,2023-11-23,2024-02-24,20
TT12K663JJX,2023-07-05,2023-11-26,25
JU25G422SLJ,2023-07-29,2023-11-03,20
CP51M074RIO,2023-10-20,2024-04-01,30
HJ54Z643BOO,2023-06-23,2023-09-26,30
ZB37A152BUU,2023-08-14,2023-11-30,40
FH74E358KZC,2024-03-02,2024-07-24,10
EG94X405JMA,2024-03-04,2024-07-15,30
MN13K052SLS,2024-02-08,2024-07-22,40
YY87L861TBM,2023-06-22,2023-10-05,45
CG20B227FGA,2023-06-01,2023-10-19,45
TW24K892RDB,2024-03-23,2024-09-16,10
PL95Q688MZS,2023-10-02,2024-01-18,35
CW31H191NKZ,2023-06-28,2023-10-14,30
PP55Y159TUZ,2023-08-08,2024-01-16,10
SS64X708XEN,2023-11-21,2024-04-09,40
UI16P817YGK,2024-03-01,2024-07-11,45
KO53R554ZKJ,2023-06-23,2023-11-13,30
DS33H572NIO,2023-06-27,2023-10-20,30
BP54N322BOE,2023-07-03,2023-12-09,5
PM88Q729XMM,2024-01-19,2024-06-15,5
ME79D003UFC,2023-08-05,2023-11-24,35
XA04B356IGS,2024-01-30,2024-06-20,15
OO45Z362IOP,2023-10-23,2024-02-20,50
DX78Y676JHA,2023-06-13,2023-11-16,10
MR12K161HCG,2023-11-29,2024-03-27,30
BZ16B367ZXD,2023-07-15,2023-10-23,35
KG14U619WMT,2023-08-22,2024-01-14,25
FH31E582GJT,2023-09-27,2024-02-25,5
GU43M781GJN,2023-10-16,2024-04-09,30
MQ91M031DYE,2024-02-17,2024-06-16,20
SR24S386BHS,2023-07-21,2023-11-11,5
ZU02O186LRL,2023-10-10,2024-02-29,35
KY83L311COQ,2023-12-12,2024-05-21,25
TR38U072VYG,2024-01-15,2024-06-20,30
YL76N231FYS,2023-12-10,2024-05-17,35
QE09B446MTB,2023-09-09,2024-02-11,35
DN88F613UFP,2023-09-11,2023-12-29,30
TC96Q296FDU,2023-09-14,2024-01-31,20
UI47D054CMK,2024-03-22,2024-07-07,35
TL28U508FXC,2023-10-15,2024-03-16,15
IW61I262BSH,2023-12-10,2024-04-06,35
TW74H325NND,2024-02-19,2024-07-26,35
BF46B244XEF,2023-08-17,2024-01-02,15
PZ46T133ODW,2023-08-17,2024-01-11,40
BR71P420GOS,2023-09-27,2024-02-13,35
ZJ33B049ZBT,2023-08-15,2023-12-11,5
OP34B844LTH,2023-12-12,2024-04-05,10
GN85W022TRF,2024-03-02,2024-07-20,25
LD62K976UZF,2023-06-11,2023-09-22,10
KX94T598PNR,2023-12-14,2024-06-06,15
IG66Q853XQR,2023-08-20,2023-12-30,15
VR01G349UVS,2024-01-13,2024-06-21,25
LG83E636JNS,2023-07-26,2023-12-18,30
FQ32H110UAS,2023-06-16,2023-10-31,15
YJ91Z820FSF,2023-09-25,2023-12-31,35
BP90I676RQD,2023-06-16,2023-12-08,40
QD71N816XUC,2023-11-30,2024-04-24,5
ZC16K551FWN,2023-12-30,2024-06-12,40
XI63A057VTJ,2023-10-26,2024-01-24,25
ZC15V602ZDZ,2023-10-02,2024-03-09,35
WN41R794ONG,2024-02-10,2024-05-22,45
CV58P420RGI,2023-10-31,2024-03-09,30
VY37W625DRP,2024-01-30,2024-05-09,45
XJ96T345EFS,2023-12-03,2024-04-11,5
ZH22S975SJW,2023-11-17,2024-05-08,5
DG61U158SVO,2023-09-21,2024-01-02,5
HB29Y153HYC,2023-12-07,2024-05-06,20
WK62T203XTN,2023-12-15,2024-06-11,15
KA36Y659XKP,2023-09-02,2024-02-01,25
II12G268YSK,2023-08-26,2023-12-07,10
IF90H413WPH,2023-06-20,2023-12-01,45
AW44V651HSR,2024-03-16,2024-08-29,45
KE06O151MBW,2023-09-15,2024-02-15,45
BY11K704WCS,2023-06-28,2023-12-04,5
MP42B727LZS,2023-10-29,2024-03-04,25
XV22U714SJO,2024-03-01,2024-07-14,15
XN57Q081SQR,2023-12-18,2024-04-15,25
CQ04L882SMQ,2023-09-17,2024-01-23,10
YG65N066DQI,2024-01-16,2024-06-10,10
GT70Y677SUH,2023-06-06,2023-10-01,15
UA37J509DWG,2023-07-12,2023-11-04,35
QU09B886GIR,2024-03-05,2024-07-21,25
CX39B361CKA,2024-01-21,2024-06-27,40
FG20D623AGM,2023-12-04,2024-04-27,40
VZ53H680EYO,2023-07-29,2023-12-16,40
WF55V550YSV,2024-01-12,2024-06-11,10
AY15L095VYZ,2023-06-16,2023-12-10,45
OZ35S890HUB,2024-03-28,2024-08-06,10
XU12I366GWI,2023-08-03,2023-12-11,15
JR24P346BPJ,2023-06-02,2023-09-26,15
IW40D291OFG,2023-12-12,2024-05-08,30
DH01Q689LXC,2023-11-02,2024-04-08,40
HB93M295UKZ,2023-07-31,2024-01-24,5
GJ10V809VCS,2024-02-17,2024-06-14,35
AY37J228DGV,2024-03-03,2024-07-23,25
QZ76J392QAR,2023-06-08,2023-10-05,15
TL97N339BTX,2023-12-19,2024-05-29,35
IB98G477SUZ,2023-07-18,2023-12-08,35
TJ99J351NBY,2023-09-24,2024-03-05,5
NC10S426LTZ,2024-02-06,2024-05-20,40
OA07E943KNM,2023-11-23,2024-05-20,20
DS88F634QVZ,2023-10-28,2024-03-16,30
SO22D960DQK,2023-10-09,2024-01-26,35
AU61U461FEV,2024-03-18,2024-07-16,15
VS46O670WMG,2024-03-17,2024-08-19,40
DM67X264EDT,2023-08-03,2023-12-16,45
DX74Z871SEP,2024-02-02,2024-06-28,40
HS27T437HZO,2023-11-19,2024-04-19,5
GE38H379CQN,2023-08-06,2023-12-28,50
OH20P555SNE,2023-10-24,2024-01-27,45
KP91C388EVC,2023-09-21,2024-01-19,35
HB25M646XJP,2023-07-07,2023-12-15,15
AT57Z262JBB,2023-07-25,2024-01-07,15
WW63I039IGP,2024-01-17,2024-04-20,35
QF44K452NHJ,2024-01-06,2024-05-05,5
KK90V015GOR,2023-12-29,2024-04-27,30
XK98R462OHW,2023-12-04,2024-04-07,20
MZ40C863UWG,2023-06-10,2023-11-06,30
JR14F620HHN,2024-01-06,2024-04-24,45
KW22O668GXI,2023-06-17,2023-11-20,5
EW50K306OGN,2023-12-29,2024-06-19,45
XG71C828NJF,2024-01-11,2024-06-26,10
XU49G340TMQ,2023-09-08,2023-12-24,15
IX03L545PVT,2023-06-27,2023-10-13,35
VX19D858JNL,2023-08-09,2023-12-22,45
PV03S959UBK,2023-08-31,2024-01-03,10
GF39O190ROI,2024-03-20,2024-08-19,40
UX47R822CCI,2024-01-19,2024-07-02,35
WV73L438RVD,2024-01-15,2024-06-18,50
MO35Y939XAO,2024-02-07,2024-05-28,40
JL93R274OYS,2023-12-12,2024-04-26,30
MQ55C154YPS,2023-10-29,2024-03-27,25
VV96Y807EQU,2023-06-08,2023-11-22,25
ZF75P337ETY,2023-11-25,2024-03-16,45
AU93H991HAO,2024-01-26,2024-06-25,15
GV02T504KGG,2024-02-07,2024-05-07,5
PX43Q778OAR,2024-03-13,2024-06-28,35
IB78C547TNF,2024-03-22,2024-09-16,25
AP93E938MNO,2023-12-24,2024-04-04,15
EI85A973DPP,2023-06-28,2023-12-19,5
PY98G058XWX,2023-11-07,2024-04-15,5
GA55E394WAX,2023-08-21,2024-01-31,35
PE55L660YGF,2024-03-04,2024-08-19,10
EY91B780JIZ,2023-06-19,2023-10-13,5
BE89I207RDA,2023-11-13,2024-04-26,5
HU90D859WNM,2024-02-15,2024-06-17,30
CP82R714WAZ,2023-11-14,2024-03-02,30
GS85G260USZ,2023-11-20,2024-03-29,30
FH22Q642SCB,2023-10-18,2024-02-21,20
CR64Q273MTK,2024-02-12,2024-07-08,35
MF35Q594VRX,2023-09-11,2024-02-09,30
PG43U353VBP,2023-12-13,2024-04-11,40
NQ12T983ACI,2024-03-31,2024-08-02,15
KX22N710CWI,2024-02-24,2024-06-03,20
OV54J696COV,2023-06-13,2023-09-16,35
LU42Y991ICZ,2023-10-20,2024-02-13,25
NF24B818GJU,2023-09-21,2024-03-10,45
BF11Y800NCT,2024-02-27,2024-07-10,40
MB10I430NGR,2023-06-05,2023-10-27,10
UY57P076QJV,2024-02-08,2024-07-11,25
FD01I420NQF,2023-10-20,2024-02-12,20
TV83C104BYG,2023-09-25,2024-02-19,15
LY73Y521OTM,2023-08-20,2024-02-14,45
WE04A965MFA,2024-01-06,2024-06-05,15
LC53G910JTS,2023-10-03,2024-01-14,20
AX10H521NJK,2023-09-23,2024-02-23,20
HS21C007QDB,2023-08-05,2024-01-14,5
KK50V109KXA,2024-03-16,2024-09-04,45
HI25D246FRP,2024-01-21,2024-06-20,30
PL61S329BPI,2023-08-22,2023-12-02,5
NO43O030BGO,2024-03-27,2024-08-15,20
LS31M786QEU,2023-09-10,2024-03-05,15
OO26O974DSB,2023-10-05,2024-02-28,20
PK22X561NDM,2023-09-08,2023-12-12,25
FI87E670WXT,2023-12-10,2024-05-14,25
HH91N591QRM,2023-12-05,2024-04-19,40
UU67T586VAC,2023-06-04,2023-10-15,15
PG28T369IWF,2023-09-21,2024-03-10,15
NV27R947EFW,2024-02-10,2024-05-23,25
DW75D425EVH,2023-09-26,2024-03-13,45
KN21Y745YGB,2023-07-27,2023-11-22,5
KT05P916IXA,2024-02-18,2024-07-22,40
CU64I298CSU,2023-07-18,2023-12-29,40
AK32S949BBC,2023-08-31,2024-01-30,20
FN79V082PBR,2024-03-01,2024-07-03,10
EG22E995KKE,2024-01-16,2024-05-10,35
SG63D039YLW,2023-07-13,2023-12-18,25
DB05G559VPQ,2024-02-04,2024-08-01,30
VX06W640BVY,2024-03-01,2024-08-15,20
JS16N028HPB,2024-01-17,2024-05-22,35
VP37R705CRT,2023-08-05,2023-12-02,45
KI77U726YHB,2023-07-13,2023-10-12,45
HM75Y170LEA,2024-01-09,2024-06-07,35
SU86T553KQO,2023-09-23,2024-02-16,40
QF90D338NCF,2023-10-02,2024-03-12,45
BW46V191XBB,2023-12-18,2024-03-28,35
KG26M137QAX,2023-10-08,2024-02-08,25
OK74G339CFM,2023-11-30,2024-03-06,35
RX36N816BYQ,2024-01-01,2024-05-25,15
OI55N119XDZ,2023-12-01,2024-04-03,25
LM71R468TPU,2023-09-03,2024-02-14,5
XH18L950OPS,2023-11-28,2024-03-30,10
QF11V703BSF,2023-06-19,2023-10-03,10
WJ62B835NNY,2024-02-05,2024-07-21,25
WO97E137TRG,2024-01-20,2024-07-10,5
KX54P935NDR,2023-11-19,2024-03-20,5
DC61P279KOR,2024-01-04,2024-04-20,15
HT09L538VQN,2023-10-02,2024-01-19,30
AU91B113PRG,2023-12-19,2024-03-21,5
JU10G897DRX,2024-02-19,2024-07-08,35
WD16E975HWC,2023-12-04,2024-05-19,5
QN61B939ZET,2023-06-14,2023-10-06,35
YU56K163VWT,2023-12-03,2024-03-04,5
VO22T818QIV,2023-06-28,2023-11-09,30
OS75H774HFY,2024-03-31,2024-07-19,20
GA72I710RJA,2024-03-12,2024-06-12,40
XS59W170QWB,2024-02-25,2024-08-19,30
YD52U043VFU,2023-06-21,2023-10-19,20
LU27J658OWV,2023-07-22,2023-12-05,10
PZ29I086UXO,2023-10-07,2024-03-27,35
EG37J273YOK,2024-02-25,2024-08-03,10
AT09W512XDN,2024-02-25,2024-08-13,35
DX97W568FOL,2023-10-22,2024-04-05,10
IK26F996VHJ,2024-03-07,2024-06-28,10
WW22E234ZAH,2023-11-13,2024-03-13,30
PI09O285UKX,2023-09-20,2024-01-15,15
JM74Y600BCZ,2023-07-25,2023-12-17,45
OL03F610RBG,2023-12-22,2024-04-25,20
BP38W644SLT,2024-01-19,2024-07-16,25
SH35R946WZS,2023-09-23,2024-01-27,35
PM86P319KCK,2023-09-06,2024-02-02,30
LM08T323TDO,2023-07-13,2023-12-27,20
IO33Z637LDQ,2024-02-22,2024-07-06,35
TB83R166ELV,2023-10-08,2024-03-07,20
EY01N704MHM,2023-07-09,2023-11-03,10
OO70B304PFI,2023-10-03,2024-02-23,40
CW37C236OOX,2024-01-30,2024-07-25,15
IJ98Z479TJE,2023-11-30,2024-04-17,25
HQ66V354NAR,2023-10-11,2024-02-11,20
CZ39S703COJ,2023-12-17,2024-06-10,30
UI95T608YRS,2023-12-08,2024-05-23,40
QE59W036TKC,2023-10-12,2024-03-02,45
QT56T511ZIG,2023-07-19,2023-12-31,5
OC08Q504TVF,2023-11-17,2024-02-21,45
FU99F073ANU,2024-02-13,2024-05-23,30
CS87P505OSI,2023-12-29,2024-04-14,5
HV56P942ULA,2024-01-22,2024-05-23,15
KY05N112UXX,2023-08-20,2024-01-11,40
BH75E283LHH,2023-10-10,2024-01-17,40
DF03T803QGZ,2023-12-26,2024-04-26,20
BZ08H883YEA,2023-11-05,2024-02-25,10
