trans_id,order_id,trans_date,trans_time
EHD-784624,AAD-4091,2023-11-10,07:56:40
SIZ-926836,AAK-0526,2024-02-09,15:23:52
GEP-276863,ADJ-6838,2023-08-02,12:30:16
YRS-371629,ADV-4775,2023-10-26,14:57:31
VMS-478374,ADX-1928,2024-02-28,00:15:39
QBP-922725,AFD-0715,2023-09-28,15:19:51
IHD-646711,AFR-2862,2024-03-16,17:01:35
CXD-732452,AGI-1868,2023-12-19,14:12:40
TDB-512142,AHD-2283,2023-11-11,19:21:24
TLR-088027,AHE-4748,2023-08-25,05:23:52
BSM-920211,AIP-9499,2023-10-17,04:35:27
KNP-931409,AJN-7103,2023-07-07,14:12:21
DYA-799205,AJZ-0374,2023-10-04,14:22:19
CQN-646265,AKD-1793,2023-06-30,19:34:50
GTV-550976,AKU-5946,2024-02-14,03:21:07
LXZ-702350,ALF-9335,2023-06-15,06:59:58
EKY-046554,ALI-8785,2024-01-01,22:57:34
JSC-687816,ALM-0482,2023-10-11,07:39:17
YPT-270177,ALM-2055,2023-09-03,07:11:53
JYI-838279,ALN-4949,2024-01-14,02:38:41
FWV-816723,ALQ-2841,2023-09-18,22:42:24
HWH-089638,AMB-6428,2023-07-05,18:13:22
DGL-052771,AMK-6934,2023-08-29,09:24:19
KZG-784383,AML-1643,2023-11-06,09:11:12
EMA-718948,AOB-9966,2024-03-30,15:10:32
HXA-750684,AOH-5650,2024-02-15,01:47:43
EWS-691040,AQM-0605,2023-09-18,17:31:50
OIA-080198,AQM-2066,2024-03-01,22:31:46
WDV-887799,AQQ-5504,2023-06-10,06:59:24
CPV-780679,AQY-6898,2023-07-21,17:48:25
EGX-032913,ARO-8544,2024-01-15,04:00:56
ENN-789710,ASL-2040,2023-08-21,18:23:13
OQN-800405,ASS-1835,2023-06-13,06:13:51
VKP-241299,AUC-7002,2024-03-21,22:01:18
NCD-388222,AVE-7699,2023-12-11,08:54:35
JNM-945783,AVG-7606,2023-07-02,10:10:20
AZZ-957686,AVH-7016,2023-12-18,09:23:15
CMN-526236,AYK-2917,2024-03-24,23:27:17
RWB-797677,AYT-6177,2023-10-20,19:24:51
XIX-642124,AYV-8461,2024-03-09,08:46:46
GIW-945491,AZJ-0233,2023-12-15,02:40:21
AAD-850184,BBD-7836,2024-03-03,11:28:53
GCV-694299,BCF-8202,2023-12-29,12:25:12
XAA-903411,BCP-5980,2023-07-06,22:21:32
GZQ-768520,BDI-0728,2024-01-02,12:42:20
HWT-645916,BDI-4078,2024-01-23,13:03:49
JFR-619201,BDS-4345,2023-10-25,20:14:12
PKJ-837292,BFO-5717,2023-07-08,11:54:46
SGG-068889,BGB-9670,2023-10-15,04:38:44
RVK-888289,BGD-0906,2023-11-09,07:18:22
APX-395541,BGH-7572,2023-09-22,11:10:03
GIX-024715,BHW-5698,2023-10-08,18:06:06
XRZ-476892,BJC-4381,2024-01-11,18:01:57
XOE-925260,BJG-1401,2023-12-21,20:43:09
FUB-280275,BKA-5060,2024-02-25,05:15:29
FLC-682191,BKV-1136,2023-09-24,11:06:15
LCX-708985,BKW-0726,2024-01-03,10:42:37
EYU-271246,BLC-3839,2023-06-19,19:09:42
VVX-824062,BLN-5257,2024-03-07,02:20:24
STI-861481,BMZ-4524,2023-08-10,00:53:32
PRX-307187,BNQ-2660,2023-07-01,11:30:06
VFA-326742,BNQ-6169,2023-08-09,12:02:09
EBI-484777,BNW-6033,2024-03-17,05:12:22
LDK-655644,BOC-4216,2024-02-03,08:22:10
MUX-197184,BOF-9366,2023-08-02,03:27:47
EZG-923570,BQC-6719,2023-11-29,09:08:43
SFD-199677,BQG-2887,2023-08-14,02:38:55
OFR-032768,BQY-6188,2024-03-14,21:06:07
ZTF-052361,BSA-9950,2023-09-26,09:43:35
JPN-555046,BSH-6224,2023-10-30,16:26:56
MGJ-393217,BSX-8106,2023-12-14,19:26:40
YCQ-463366,BTH-6923,2023-12-26,15:35:08
WIR-589141,BUX-6060,2024-02-26,17:10:14
RAJ-889581,BVV-4070,2023-07-16,19:41:53
FJN-320073,BWO-5755,2023-09-24,23:04:11
EUC-513176,BYH-3021,2023-06-05,21:33:44
FSS-905992,BYI-5344,2023-12-26,17:44:09
OVO-519944,BYQ-9176,2023-08-23,09:20:24
CVV-322631,BZL-1277,2024-01-03,15:16:12
SQB-750657,CAC-5901,2023-08-14,18:01:12
QHK-587528,CBC-4805,2023-11-30,03:48:05
VRT-256772,CBY-3789,2023-08-22,15:59:01
TLZ-151497,CCX-1923,2024-03-10,22:38:39
NZX-069731,CDA-7419,2024-03-05,17:42:23
KBV-417463,CDN-6612,2023-09-16,03:41:14
MOR-384739,CDT-1329,2023-10-22,22:44:14
BYL-883581,CEC-0801,2023-10-12,15:15:16
SFW-114073,CET-9716,2023-09-16,01:20:01
HVB-561036,CFY-5731,2023-07-31,03:38:17
KQC-993685,CGO-6337,2024-02-11,10:43:29
ROJ-416824,CGT-3066,2024-02-04,01:34:21
JOK-648983,CHB-5498,2023-10-28,07:56:19
QFG-444258,CIM-9073,2023-06-05,09:51:33
AFS-413553,CJF-2663,2023-08-16,12:31:40
DOI-439260,CKU-5692,2023-12-19,01:36:53
AIV-790804,CKX-0597,2023-10-07,11:33:41
VUL-517605,CLI-1946,2023-11-11,17:12:44
NHQ-135343,CLI-2562,2024-01-26,15:45:36
YYJ-384702,CLL-4654,2023-06-01,22:03:39
PQS-682252,CLW-5539,2024-03-07,02:12:54
WNY-418252,CMO-5303,2023-12-30,05:37:42
PRH-459767,CNG-8096,2023-12-13,04:14:53
THY-734318,CNO-8928,2024-01-30,03:27:36
LZA-008122,COH-0599,2024-03-20,03:48:31
LCT-470975,CPU-8388,2023-10-07,16:01:51
KFD-356801,CPV-5603,2023-09-26,06:21:50
XGX-052332,CQA-4640,2023-07-24,13:50:16
XVX-325645,CQW-4715,2023-11-01,03:06:34
YOL-606239,CRU-0044,2023-12-31,06:27:15
UGD-219661,CSA-4429,2023-12-10,14:17:00
RLT-923190,CSD-6250,2023-10-25,10:38:42
LUF-158012,CSM-2366,2023-07-01,22:52:52
PEG-814661,CTB-1094,2024-01-30,22:54:49
UIQ-457262,CTR-4140,2023-08-23,15:41:09
HXB-279185,CUR-1120,2023-08-09,20:39:05
UZE-017227,CVK-0300,2023-06-13,21:09:06
VHG-656051,CVV-1670,2024-01-27,12:49:23
ZHR-155954,CWA-8357,2023-12-23,04:41:57
LWW-083578,CWF-4937,2024-01-29,08:33:15
UXI-022515,CWF-9028,2023-07-01,14:04:43
ATK-560503,CWL-3700,2023-08-17,17:28:02
DBL-565303,CZA-5042,2024-03-15,05:36:40
HHS-758795,CZC-6619,2023-12-31,07:57:45
PNA-055312,CZW-3555,2023-12-30,05:49:21
GBQ-540026,DAA-8457,2023-09-05,10:26:15
OWN-685737,DAH-0916,2023-07-30,15:29:23
IGY-075795,DAV-8597,2023-09-30,04:24:59
ZWO-450386,DBA-7480,2024-01-13,08:57:24
CGQ-329948,DBL-0030,2023-08-11,22:24:23
KNE-627838,DBS-8982,2024-01-12,01:42:32
OEI-142471,DBZ-8759,2024-02-24,22:27:50
VSE-913432,DCU-7039,2023-07-13,04:29:29
AWG-744719,DED-2131,2023-09-08,16:08:45
LQA-522230,DEL-0574,2024-03-14,18:21:35
UBV-592483,DGU-5767,2023-06-30,05:01:47
DWI-435992,DGZ-1937,2023-11-22,18:42:06
HXZ-183623,DHS-4040,2024-01-09,09:23:08
BVO-196114,DHT-5479,2023-12-24,05:38:47
XGV-978328,DIC-8730,2023-09-19,13:07:48
FKP-479346,DIG-1827,2023-08-09,00:42:02
WHI-542872,DIJ-8816,2023-06-10,15:10:32
DIQ-716665,DJU-2119,2024-01-24,17:01:38
DTI-123880,DKO-3477,2023-07-15,05:58:07
FIT-807093,DLB-9544,2023-12-04,01:45:08
VHF-781678,DLK-1814,2023-12-05,18:12:42
PZS-741186,DLK-3445,2023-06-16,20:25:10
AUP-748808,DMO-7938,2023-11-30,16:37:14
FNW-232589,DNO-3942,2023-09-21,01:11:01
BMH-758804,DOC-0894,2023-07-18,14:54:17
PEL-100488,DOF-6311,2024-02-09,17:55:38
WZG-699176,DOX-3535,2023-12-15,11:30:27
GGF-120749,DPO-6365,2024-03-30,09:13:57
ESH-496811,DPY-2390,2023-07-17,10:10:06
JMD-206956,DQF-4586,2023-10-07,15:10:15
GFZ-199524,DQL-5431,2023-07-28,00:01:38
TKW-157586,DQP-0847,2023-10-09,00:14:25
XHU-389657,DQZ-8757,2023-07-25,22:06:43
JOK-897094,DUN-4052,2023-09-04,19:49:42
ZYR-713925,DVM-5666,2023-10-27,04:22:22
ZSF-635796,DVR-2436,2023-11-06,04:43:45
GOO-936304,DVU-7848,2023-08-26,14:56:17
UEH-519135,DVX-3486,2023-07-13,21:31:23
CCV-957017,DXM-0633,2023-08-07,16:57:12
HML-729984,DZK-1548,2024-01-31,07:28:43
XSP-021185,EAF-7597,2023-11-06,14:51:33
BMR-466277,EAV-5405,2023-10-01,11:58:08
KOV-381497,EBG-2274,2023-12-26,05:45:35
PYD-573688,ECP-3196,2024-01-07,21:47:35
HWK-604904,ECT-3313,2023-09-20,02:36:27
KGQ-566901,ECT-3478,2023-09-21,15:13:24
STH-483623,ECW-2244,2023-08-23,04:42:15
JQZ-702473,ECZ-4090,2024-03-27,00:05:36
WQS-076516,EEL-7605,2023-09-23,23:39:41
OVD-467549,EET-4963,2023-08-08,13:17:04
YPF-460991,EFL-9313,2023-06-16,22:08:29
WWE-866579,EFW-2739,2023-07-09,11:11:28
FUL-655577,EGN-7461,2024-02-08,10:50:09
JRQ-445356,EGN-8237,2023-11-13,03:39:44
CGA-460235,EKS-9120,2024-01-05,12:47:27
FRW-162866,ELR-2487,2023-09-30,03:47:26
YYN-168404,ENJ-2000,2023-11-16,15:31:12
YZT-429441,EOX-3072,2023-12-04,03:43:50
SUH-767864,EQJ-4082,2023-09-29,20:59:30
LPM-977062,EQS-3072,2023-11-22,06:45:53
RIN-571312,ERS-1685,2023-07-29,10:19:46
KRL-142821,ERT-4184,2024-01-21,02:40:14
MLL-893142,ERU-1269,2024-03-20,19:31:25
UJQ-945166,EST-7768,2024-01-08,18:32:42
EOL-739414,ESY-1931,2023-08-30,13:19:15
ZOJ-233798,EUQ-6528,2023-11-09,06:11:46
UDA-108249,EUZ-7821,2023-08-30,04:24:56
ZPX-217044,EVC-8266,2023-06-23,10:58:24
KFM-859113,EVL-3741,2023-09-02,22:22:36
FYA-644227,EVS-8825,2023-08-04,16:28:26
UGH-433128,EVZ-8032,2023-09-16,01:34:58
SOG-566205,EVZ-9488,2023-11-06,12:36:49
FTG-150523,EWK-2519,2023-09-05,07:21:09
NYL-531092,EXR-9464,2023-12-17,23:01:53
RMF-150537,EYP-7231,2024-03-15,15:33:33
YHO-171691,EYW-5264,2023-08-15,23:38:18
AGW-689163,EZG-4739,2023-07-22,20:34:06
ALB-712427,EZL-1343,2023-06-21,09:14:17
VFO-645779,EZW-7775,2023-06-22,07:56:48
AHK-769090,FBI-5826,2023-07-20,22:59:15
AIL-403072,FCV-2770,2023-09-13,11:00:41
DUZ-541760,FDA-4729,2023-07-15,18:52:49
FFR-057653,FDS-2600,2023-08-08,00:53:15
XKV-603116,FEX-0222,2023-09-08,00:59:11
VBR-447600,FFA-9505,2024-02-14,08:27:04
RTO-465718,FFD-2139,2024-01-09,07:20:57
YHF-982262,FFG-2338,2024-01-03,09:51:27
WQK-545887,FFT-8410,2024-02-25,21:05:33
IBE-254585,FFW-6197,2023-09-26,14:16:24
OLY-545944,FGE-3992,2024-03-31,11:32:14
OXG-870462,FGI-9842,2023-09-02,01:26:30
CKM-548290,FGO-7934,2024-01-17,04:04:04
QBM-421720,FHE-8338,2023-09-04,22:07:02
LBN-912121,FHF-8744,2023-11-20,05:37:37
ZIV-990645,FIP-3626,2023-12-19,01:21:35
EAS-774344,FJA-3695,2023-11-08,19:46:31
SKX-778015,FJE-6752,2024-02-11,04:17:13
FHS-611018,FJI-2081,2024-02-09,01:47:29
SHR-463523,FJX-6643,2023-10-06,07:55:18
XKL-068241,FJZ-8664,2024-03-11,02:41:13
XIL-529483,FKQ-9154,2023-08-17,03:46:09
RVP-789273,FLQ-5436,2023-06-25,15:12:54
PHW-441760,FLW-8500,2024-02-17,16:31:21
VGA-222234,FME-1994,2023-06-19,06:54:37
SJY-993023,FMI-6352,2023-07-26,03:21:07
QLZ-783913,FNW-8412,2023-12-01,06:41:30
AAT-296188,FOE-7064,2023-08-10,02:28:12
DZN-164981,FOE-7274,2024-01-02,20:40:07
DLJ-237256,FOQ-4652,2023-09-07,17:42:35
TVE-811097,FPS-9520,2024-02-26,17:13:59
QTC-750585,FQL-0181,2023-09-22,05:42:56
LHS-423235,FQM-7105,2023-10-29,03:05:05
WTS-576149,FRH-4938,2023-12-14,17:56:22
KLJ-296303,FWK-2463,2024-02-12,09:20:41
VYN-891422,FXC-2942,2023-08-12,04:08:31
ZZT-232655,FXS-2943,2023-08-31,14:44:38
BUJ-908319,FXT-9747,2024-02-21,05:12:37
VTL-235368,FYF-2435,2024-01-23,05:23:49
OAL-288081,FYR-5730,2024-02-13,07:35:30
PKZ-605878,FZS-0197,2023-11-25,02:46:24
NIF-133989,FZS-3004,2023-06-14,12:52:07
KXD-998169,FZX-2175,2023-09-07,12:22:09
OQA-640677,GAK-7387,2023-11-03,17:22:29
NOW-197349,GAO-3026,2024-03-10,21:28:48
CMM-649694,GCY-6469,2023-10-02,01:07:57
HLY-890046,GDI-2381,2023-08-31,10:03:20
KOK-267873,GDJ-7137,2023-09-18,01:45:46
VFA-122286,GDK-3265,2023-09-10,22:19:08
HVR-877945,GDR-9613,2023-06-05,14:33:29
OUO-834966,GDZ-3152,2024-02-05,23:16:47
QWF-778018,GFL-8891,2023-07-21,19:44:49
ZLI-031219,GIY-5782,2023-07-08,22:24:50
GEK-330924,GKC-7741,2024-02-15,10:36:31
RYF-709225,GKR-8271,2024-02-12,12:26:50
EUP-790861,GKW-6949,2024-03-08,05:53:58
FUN-625583,GLC-4698,2023-08-31,12:46:38
LTS-311457,GMM-7938,2024-02-23,09:02:03
OTN-612211,GMY-9367,2023-09-22,04:32:53
OBI-305929,GMY-9766,2023-10-18,10:09:54
POB-290605,GNX-1908,2024-02-29,05:52:58
XTM-356319,GOP-9276,2024-01-17,09:09:15
YHF-174628,GPA-3178,2023-11-21,04:02:51
TOH-991582,GPL-5699,2023-12-11,19:20:40
PZK-074046,GSU-2328,2023-08-22,04:25:10
MGF-143016,GTG-3344,2023-06-26,16:15:13
QYG-678338,GTO-9275,2023-07-19,09:49:07
AVW-602635,GTQ-2929,2024-02-01,09:20:40
RBQ-921774,GVS-3803,2024-01-18,21:11:08
TOH-750088,GWI-9439,2024-01-17,20:40:44
LGZ-623806,GWM-4764,2023-12-19,03:27:46
RXA-128535,GWZ-3343,2023-07-24,10:55:17
TOG-383942,GWZ-8738,2023-08-11,21:43:39
FNL-616331,GXQ-7621,2023-06-26,23:07:23
NES-381151,GYA-3254,2024-03-27,02:45:06
XAV-376763,GYC-1520,2023-09-08,08:04:11
IUX-881504,GYF-1648,2024-01-13,08:50:47
LDH-916099,GYM-1748,2023-08-19,22:52:18
CWU-632695,GYV-9734,2024-02-17,14:18:58
GWC-653161,HBF-8678,2023-11-05,02:23:15
UOZ-008547,HDG-9653,2023-07-11,08:41:48
JNU-557006,HDI-3979,2024-03-11,11:48:44
HFK-635933,HEA-0215,2024-02-13,11:06:03
WTA-146308,HFM-8386,2024-01-26,05:44:09
III-459939,HGE-6319,2023-11-22,17:41:17
LHV-314928,HHO-0139,2024-03-05,01:31:03
WAC-599234,HHT-5884,2023-11-29,04:39:22
LKD-403627,HHZ-3138,2023-11-29,03:01:24
BXQ-248482,HIF-3449,2024-01-21,12:27:10
YBC-101991,HIS-4689,2024-02-03,11:21:26
FOY-022353,HJH-1962,2023-10-22,08:35:54
CJR-275106,HKA-7915,2023-10-18,10:47:47
ORH-601482,HKB-1381,2023-06-06,23:46:09
OSV-526245,HKJ-6958,2023-11-06,04:24:33
XEM-977722,HKL-8822,2023-12-04,19:13:19
EXB-769303,HMD-0165,2024-01-19,18:00:00
HHH-962353,HMF-9138,2023-08-06,11:52:15
IND-756220,HMT-3357,2023-07-14,18:00:37
JCB-303374,HNP-7986,2023-11-19,12:24:55
OSL-870388,HNV-6071,2024-03-14,18:56:52
QQY-905312,HNW-2331,2023-07-16,01:19:02
JLP-058657,HOD-8731,2023-07-30,14:02:17
WVM-302381,HOG-9586,2023-07-04,13:42:22
YCO-915762,HPS-7797,2023-12-24,01:13:32
XXP-694184,HQT-2703,2023-09-20,22:01:26
IDB-883858,HQU-5348,2023-06-01,17:51:43
NJR-368225,HTC-3383,2023-09-13,09:27:41
DOD-895933,HUX-8533,2024-01-31,18:46:15
IWV-900820,HVF-1891,2023-07-04,03:06:33
KVR-403889,HXF-3310,2023-06-27,23:05:47
USW-832041,HXO-6753,2024-02-05,02:27:50
ONW-179666,HYF-5414,2023-06-06,15:18:21
RUK-836786,HZQ-0273,2024-01-15,15:42:24
XGR-596224,IAB-1177,2024-01-28,16:40:35
ZNE-291930,IAM-8594,2023-11-17,20:22:07
TLZ-917917,IAO-1064,2023-07-10,09:30:42
HDK-531398,IBT-3169,2023-11-21,05:02:07
ODE-198481,IBV-9880,2023-07-14,08:58:36
GEX-671044,ICB-6872,2023-11-10,19:11:40
RAE-995760,ICP-2189,2024-01-23,14:17:46
FCU-938968,IDB-5714,2023-10-01,08:00:31
ZYA-370498,IDD-1652,2023-08-15,19:50:54
PBX-602794,IDW-9487,2024-02-06,16:15:51
XLB-855931,IEP-1294,2024-03-03,12:44:59
XIJ-053216,IGQ-7163,2023-12-13,02:59:55
YVL-410359,IGR-3206,2024-03-12,16:30:21
UBH-978099,IHE-2243,2023-09-11,00:08:27
RRT-872833,IHI-2337,2024-02-11,23:57:43
BHS-479486,IHK-4185,2023-06-13,07:38:42
BWG-666487,IIP-6549,2024-03-18,11:09:30
PHU-825675,IJC-4312,2023-11-22,11:51:09
YRW-144635,IJN-1067,2024-03-08,12:11:39
TAY-532387,IJO-0342,2023-10-17,22:59:17
XPS-527153,IJP-8856,2024-03-27,15:02:01
EFR-431233,ILW-6701,2023-08-01,14:52:57
IXI-735992,ILZ-1381,2024-02-12,07:48:22
BHI-730137,IMG-3882,2023-08-12,04:48:27
OGB-264069,IQC-7731,2024-01-10,00:53:34
CJK-014124,IQJ-3893,2024-01-06,20:19:30
XRJ-127906,IRD-4941,2023-11-24,20:13:53
ZFR-590613,ISK-8691,2023-06-18,10:33:08
BXD-739047,ISZ-3855,2023-10-04,11:57:16
JOG-271571,ITK-3225,2023-07-30,08:46:07
ODX-436705,IUD-0422,2023-06-22,13:37:24
LEB-075252,IVT-2439,2024-01-14,09:00:33
QWA-940561,IVZ-9233,2024-01-23,08:48:27
VSN-236147,IWH-6834,2023-11-29,08:57:53
WTV-791477,IWY-7057,2023-07-10,14:02:25
WYQ-587157,IZC-1350,2023-10-18,12:01:34
XWB-780920,JAL-4635,2023-07-30,05:42:27
DFH-826699,JAU-6446,2024-01-21,10:06:09
AWE-871063,JBC-9625,2023-08-25,21:01:51
MTZ-807549,JBH-3616,2023-11-14,01:23:42
RPS-269444,JBS-5322,2023-10-26,13:48:21
VON-907718,JCE-5265,2023-08-31,20:01:52
FUZ-631716,JDB-3247,2023-08-29,09:32:04
IRU-931921,JDR-5086,2024-01-24,20:18:42
HYF-272899,JFM-2962,2023-11-13,12:49:23
MOC-535216,JFN-9413,2024-02-10,15:08:09
PYW-273810,JJT-8348,2023-12-03,11:28:33
UWC-106650,JLY-4016,2023-06-28,14:42:09
OLK-958031,JMM-1366,2024-02-26,01:17:51
XTH-176881,JMQ-3993,2023-12-14,08:00:01
GXN-380645,JMX-8595,2023-06-11,21:07:26
FLJ-233905,JNC-7824,2023-06-05,21:44:15
GDA-393038,JNE-6341,2024-03-17,10:49:55
NNN-176834,JOX-5375,2024-01-20,12:23:08
XRY-558007,JOY-3985,2023-11-14,17:47:37
YRK-003985,JPC-8315,2023-07-18,15:30:22
BAE-592296,JPN-1569,2023-06-04,05:50:09
FRP-417973,JQA-2130,2024-03-20,03:43:16
EYO-551995,JQL-8115,2023-10-07,14:44:25
VKP-496299,JQX-7346,2023-08-30,13:04:54
SYF-256215,JRC-2889,2024-02-29,18:37:23
HBL-939815,JRF-8081,2023-06-30,09:19:37
FZP-345290,JRK-1668,2023-07-19,10:48:36
QOG-427778,JRU-5341,2024-03-06,17:59:20
TRQ-712195,JRW-9511,2023-11-02,03:21:25
CNL-951331,JSA-5798,2023-10-21,02:44:31
HLD-864960,JSK-2137,2023-06-20,18:55:32
SII-374001,JTE-8870,2023-07-11,14:48:06
ENY-745109,JTI-7591,2023-06-26,12:22:49
UPZ-817823,JTL-3024,2023-08-01,16:46:40
JSD-953688,JUE-2955,2024-01-06,12:43:18
OXU-544839,JUX-7755,2023-10-01,09:26:23
KUK-791009,JVC-2408,2023-12-03,20:07:29
BNB-931640,JVN-4862,2024-03-18,11:50:21
CYG-484504,JVX-8178,2023-06-16,10:09:52
GLB-937626,JXI-4990,2023-12-30,02:14:50
AGR-178688,JXP-3656,2023-12-14,02:40:17
YCI-769293,JXR-3212,2023-12-22,11:42:30
LPC-592440,JYA-9203,2023-09-02,00:18:15
KZI-493272,JYE-6137,2024-01-25,20:48:52
IBJ-936605,JZS-0495,2023-06-28,21:41:05
ZPR-496885,JZW-4996,2023-12-25,10:15:54
EZE-384433,KBF-5349,2023-08-12,02:22:04
PGH-309881,KDG-4165,2023-09-05,19:36:23
BFU-700232,KDH-5144,2024-01-19,08:30:47
QYL-155577,KEL-8905,2023-07-29,09:05:03
GPA-852763,KFM-8962,2024-03-28,21:33:55
FPK-371530,KFZ-6626,2023-07-07,01:15:02
MHT-077059,KGS-4490,2023-08-07,04:19:29
DZI-753816,KIK-0830,2023-10-28,07:08:32
CID-253726,KIN-7994,2023-12-14,14:59:32
VSY-664194,KIO-5547,2024-02-03,21:35:19
KYK-109989,KIT-3692,2023-07-14,16:26:54
SCR-847332,KIT-7446,2023-10-08,04:57:29
VJU-796930,KIV-7716,2024-02-18,10:30:07
ADY-359478,KIY-1598,2023-10-02,11:50:22
YGB-710510,KJF-0782,2023-12-18,01:46:59
IBT-744511,KJI-3044,2024-03-21,23:53:53
SMU-223445,KKN-4530,2024-02-11,11:52:16
UEO-996812,KKX-1432,2024-03-13,20:18:58
WWG-683266,KKX-5073,2023-09-20,06:41:11
AMD-684067,KLD-7811,2023-12-21,03:59:09
KPS-079700,KLF-3104,2023-11-16,10:01:45
DRG-933879,KNB-4521,2023-11-14,04:03:18
SDG-922565,KNH-8570,2024-03-23,20:24:56
NFW-321279,KPJ-7966,2023-09-07,01:23:43
ETW-811017,KQE-7401,2024-02-03,21:39:33
LLC-023216,KQZ-3488,2023-07-24,07:36:44
OWJ-084219,KRE-2065,2023-07-22,19:32:45
KAP-235343,KSN-6456,2024-03-08,12:53:48
NRS-425600,KST-7276,2023-08-31,23:58:08
ZSQ-689091,KTF-3956,2024-01-15,00:44:05
EUE-109230,KTG-7638,2024-01-16,05:08:59
MGJ-187839,KWG-0132,2024-03-02,17:02:22
UYT-266005,KXF-1403,2023-06-05,06:34:10
YSG-173821,KXK-8705,2024-01-05,16:53:59
TVA-486841,KXM-5853,2023-12-28,04:36:28
LJI-683286,KYG-7575,2024-03-16,18:17:56
QHP-475715,KZO-2489,2023-12-18,04:34:46
XOU-141121,KZY-9111,2023-10-02,22:20:25
XUD-713939,LBV-0758,2023-11-08,01:50:12
FYC-588210,LBZ-5844,2023-09-11,13:53:02
JXD-094886,LCC-4361,2024-01-13,15:26:23
LMN-749508,LDU-0226,2023-12-29,08:45:44
ACB-036791,LEO-9419,2023-09-10,01:19:14
BGX-889149,LES-3304,2023-09-28,12:42:54
BOC-429866,LEU-9703,2023-09-30,01:15:37
MFI-544135,LEY-2874,2023-07-02,06:15:59
IKE-933828,LGF-1174,2023-12-13,15:10:09
SFI-965714,LGG-8337,2023-11-18,01:19:44
SJE-685675,LGH-8433,2024-02-23,09:43:19
BWQ-405015,LGI-1312,2023-09-18,08:35:18
TDI-132813,LHE-5445,2023-12-19,05:43:34
HBS-767043,LHH-3721,2023-08-11,12:23:25
EFR-653208,LHN-8860,2023-10-28,10:51:18
UCO-391621,LIU-2251,2023-06-02,11:37:29
FXN-338148,LKE-2233,2024-03-24,08:20:33
ECI-629770,LMO-4902,2023-12-17,14:07:16
NHF-934905,LNA-9656,2023-10-18,00:38:18
SGY-161822,LOA-8579,2023-12-03,07:14:20
XXO-548378,LOE-0144,2023-12-31,16:15:15
TJG-576225,LOP-2240,2023-11-05,02:48:37
NOS-310904,LOR-6150,2023-06-18,01:29:46
WRR-590552,LOT-5343,2023-08-21,12:19:25
ZJI-463079,LPJ-3860,2024-03-01,18:59:42
VYA-568217,LQN-4187,2023-08-01,10:51:44
JRS-603389,LRP-6074,2023-08-02,10:05:09
ZOH-880763,LSB-8566,2023-10-11,21:44:26
UOY-865765,LSP-7776,2023-08-11,21:11:41
COL-747369,LTD-9889,2023-07-20,18:19:57
RMY-948658,LTZ-5665,2023-12-12,05:13:07
IYY-569045,LUQ-1026,2024-03-04,12:32:28
PXD-678955,LVC-9534,2023-07-21,21:16:06
MJF-356140,LVN-8653,2023-07-27,13:09:26
QXQ-807488,LVW-9323,2023-07-02,13:21:25
TWS-493261,LXW-4487,2023-06-21,21:42:04
KIL-668038,LYF-7364,2023-12-11,16:57:56
GXO-916940,LZO-5041,2024-03-03,04:17:13
AAA-067232,MBQ-5801,2023-06-20,18:41:29
VNL-065642,MCJ-3553,2023-11-16,08:47:49
AGB-842871,MDH-0319,2023-08-31,05:27:49
WFR-012702,MFW-1979,2023-12-06,06:37:55
UFR-130207,MGM-0587,2024-03-25,21:04:44
NXM-661206,MGO-9996,2023-10-16,12:37:47
MDZ-362732,MGS-5099,2024-02-04,02:15:12
PXO-960997,MGU-9739,2023-08-15,06:40:54
AYQ-848230,MHQ-6092,2023-08-01,12:26:56
GIS-911136,MIG-8938,2024-03-22,20:22:13
KCN-755840,MIP-8802,2023-12-07,09:55:14
DUV-153258,MKI-2966,2023-10-02,02:55:08
TVD-844218,MLC-9597,2024-01-03,09:56:42
HEJ-954553,MMH-1167,2023-08-12,15:42:58
WRQ-001935,MMO-7686,2023-07-01,18:43:09
KQA-758626,MNN-8787,2023-10-18,13:27:01
ZLC-040571,MPU-2120,2024-01-31,18:32:00
LMY-850908,MPV-2908,2023-11-15,16:01:57
TFD-803811,MQE-2115,2024-03-11,00:25:29
PCM-383027,MQE-4271,2023-06-16,09:41:48
QUK-011844,MQX-5248,2023-06-27,23:55:46
MPH-214454,MQX-6404,2024-03-16,20:26:15
VXM-237176,MRS-0831,2024-03-31,10:37:45
OOD-642552,MRU-1000,2024-02-19,09:39:14
OQI-722839,MSR-6376,2024-02-11,09:24:15
VFT-065012,MSS-1051,2023-11-11,07:37:26
LEK-075239,MTQ-1855,2023-10-20,12:49:51
AEA-169713,MTR-5660,2023-06-01,17:30:13
IZF-257974,MUK-2043,2024-03-10,07:32:52
DGA-006905,MVK-8032,2023-12-19,14:00:35
UEY-629397,MWQ-7465,2023-11-22,02:26:33
MFR-778536,MWR-7515,2023-09-01,05:06:13
GIO-999528,MXH-1576,2023-12-21,10:08:24
DME-621085,MXO-0977,2024-02-28,21:19:50
KNY-105080,MXR-5674,2023-12-02,02:17:50
DZX-685355,MYE-0327,2024-03-28,11:05:12
ELU-674530,MYO-7730,2023-06-08,13:35:37
XTH-630623,MYQ-0855,2023-12-30,02:40:48
QLN-760210,MYX-2175,2024-01-12,04:04:00
QNV-522100,MZQ-0663,2023-10-23,15:34:20
CBH-104289,MZS-0499,2024-03-22,06:00:01
MCM-467559,MZT-5975,2023-11-08,16:42:02
GAH-022856,MZU-2891,2023-06-12,04:31:56
QWV-100178,NAI-3262,2024-03-16,15:53:06
WNQ-496965,NBE-8575,2023-09-12,20:25:15
MET-294417,NBK-0249,2023-08-11,21:57:40
QHZ-860234,NBQ-8305,2024-01-05,23:03:56
JHN-190516,NBR-7210,2023-12-24,17:51:02
EUI-318248,NBV-2044,2024-03-24,02:29:58
LCK-746676,NBW-7138,2023-09-09,18:45:12
NDH-842824,NCA-2940,2023-11-03,19:02:43
EJX-114978,NDS-9329,2023-06-14,06:50:45
HAD-407019,NDT-1938,2023-06-09,23:16:01
WDD-018153,NDW-2370,2023-11-12,22:09:30
DIS-603996,NFB-2884,2024-03-15,04:10:52
LRD-049795,NFW-3239,2023-11-01,02:17:39
VSP-681031,NGM-3860,2023-11-28,15:45:00
FQM-392032,NGQ-6048,2023-09-30,14:36:51
ZDL-319995,NHP-2251,2023-12-31,13:37:40
DGH-273685,NHQ-6116,2023-09-25,11:19:00
RXZ-218418,NIS-2160,2024-01-17,21:22:07
XDR-213863,NIV-6492,2023-12-31,22:43:07
JSO-117212,NJP-1516,2023-10-01,17:38:29
MIP-279037,NJT-1208,2023-08-22,18:40:14
ZKX-207120,NJW-1593,2023-06-08,20:50:44
XPC-364186,NKJ-6605,2023-12-22,20:19:54
VUG-462015,NKU-1411,2023-06-11,12:08:01
QVS-491564,NKV-1305,2023-09-09,06:14:12
PJL-276169,NKY-0150,2023-10-25,15:53:34
LQP-758294,NMG-9457,2024-03-14,05:27:26
ZGL-507840,NMQ-2796,2024-02-10,09:46:00
RJA-818747,NMY-7339,2024-01-11,02:27:18
CUK-830807,NNO-3085,2023-10-23,02:44:33
NDU-634942,NNR-8766,2023-12-01,23:36:09
PQS-351657,NQG-3881,2023-07-23,14:45:39
QHA-334069,NRN-2875,2023-08-29,22:10:22
UXR-888156,NSN-3803,2023-11-19,10:59:32
RFC-316765,NSX-5012,2024-03-22,18:43:04
XEJ-219502,NTP-2772,2023-08-02,06:37:22
PBC-055763,NTU-0413,2024-02-14,11:40:42
EYP-234632,NTX-3568,2023-07-28,06:53:27
EPZ-173549,NTZ-7670,2023-06-10,20:12:10
LIW-613684,NVF-9748,2023-09-03,06:48:45
IIQ-504725,NVT-0982,2023-10-22,11:32:57
FFH-648128,NWT-6048,2024-03-21,00:57:48
NZV-991754,NXL-0436,2023-07-24,02:51:54
KJA-407940,NYF-9429,2023-07-11,23:13:24
AHF-862697,NZH-8314,2023-09-03,12:59:50
TYN-525156,OAR-9959,2024-02-24,19:26:39
PBY-481659,OBC-1915,2023-10-27,09:38:29
LPT-512781,OBU-7440,2024-03-15,16:37:46
KJE-803678,OCJ-2491,2023-12-22,09:02:34
AAR-680860,OCX-9297,2024-01-27,20:53:58
CLG-348239,OCY-5956,2023-09-24,18:06:52
AAC-152328,ODH-9361,2023-11-20,00:37:29
XLY-930976,ODU-8225,2023-12-30,19:37:59
UXO-202890,ODV-0605,2024-02-11,04:11:21
OSR-053370,OEF-3894,2023-09-14,14:35:54
WCW-706861,OEP-9595,2023-08-20,03:25:53
HKH-714224,OGG-9832,2023-09-06,21:17:53
MWN-845535,OGK-7029,2023-08-15,21:29:58
TGU-380065,OHG-6555,2024-02-22,01:05:44
RHX-277083,OHL-5725,2023-06-23,14:55:45
FMW-563149,OII-3405,2023-07-24,05:21:16
RLD-189371,OJN-4085,2023-11-17,02:41:24
JCN-539031,OJX-8834,2023-11-09,09:07:10
MES-565027,OKS-0632,2023-06-19,11:37:06
GHC-713618,OLV-7403,2024-02-13,20:17:19
KUF-847112,OLW-0516,2023-11-21,18:02:30
HSZ-329520,OMH-9446,2023-10-22,10:18:53
LGF-979389,ONM-6687,2023-08-05,04:18:35
VFL-620822,ONQ-8395,2024-01-09,06:13:02
BNO-535441,ONZ-1641,2024-03-15,21:17:42
BWJ-890438,OOC-0697,2024-01-02,22:19:31
TGZ-890759,OOO-6392,2023-07-11,05:15:22
VHF-732072,OPO-5480,2023-07-01,08:08:20
DAA-057358,OPX-8810,2023-10-18,19:06:01
MDY-515998,ORX-5920,2023-12-24,23:10:04
FVB-481743,OSP-6486,2023-09-04,14:37:24
NRX-965378,OTT-6460,2023-09-05,07:04:52
DUF-738458,OUB-2407,2024-02-10,19:33:43
XYL-089882,OVK-4119,2024-03-16,07:27:37
GHM-051887,OVQ-1321,2024-01-26,08:08:48
UBO-636303,OVS-6629,2024-02-16,06:57:10
HPB-371939,OVX-4023,2023-11-03,06:51:22
TUT-500984,OWB-5456,2023-10-12,09:55:41
YFO-652938,OWL-6099,2024-01-13,02:51:23
OAC-572197,OWW-7853,2023-07-03,04:19:44
REA-420764,OXB-4431,2024-03-28,19:13:57
CRX-311676,OXP-8265,2023-10-18,13:33:58
BNO-913345,OYB-8592,2024-01-02,09:49:00
RUX-388852,OYT-3417,2023-07-13,20:27:13
SCY-607266,OYU-7224,2023-09-28,07:49:13
YLQ-336533,OZM-1759,2024-03-08,04:27:20
AKF-133977,PBE-3068,2023-11-15,09:53:09
ZZV-383010,PCQ-4287,2023-06-09,08:47:26
WTR-007913,PDL-0104,2024-03-14,21:36:14
WHG-375713,PDO-4985,2023-11-03,17:45:17
PRM-215355,PDV-0203,2023-07-16,13:31:54
OUH-167141,PDX-9291,2023-07-22,10:36:43
XFW-259997,PEU-4612,2023-12-10,22:19:47
TSJ-732380,PEW-2090,2023-09-17,16:53:28
LJM-912474,PFT-7934,2023-09-24,13:30:35
NJP-058278,PGQ-9489,2023-09-23,21:14:34
IUX-588530,PHJ-2064,2023-07-03,03:18:20
DBQ-583786,PIE-6811,2023-07-06,23:26:48
EPM-175290,PIF-7015,2023-07-24,14:04:34
LQT-005333,PIM-7722,2023-10-05,20:19:00
DVP-234182,PKA-1903,2023-08-27,04:51:41
VHW-846842,PKC-6595,2023-10-02,23:26:50
NFH-783490,PKV-5225,2023-06-06,08:06:55
XLE-400929,PLL-2878,2023-10-09,23:21:04
DKN-024499,PMZ-4061,2023-08-14,17:21:12
HNX-226086,POY-4513,2024-02-02,18:42:28
AGQ-729452,PPX-4472,2023-07-18,00:24:55
EXJ-550371,PQP-4190,2024-01-31,17:05:08
ETN-161207,PRB-3676,2023-06-12,23:48:58
PTA-689727,PRC-8451,2023-09-24,13:59:00
HCL-509110,PRX-6235,2023-09-23,17:47:33
QWX-565601,PSA-2287,2024-01-01,17:36:32
XFL-875345,PTE-7618,2023-08-03,20:27:52
VLY-384119,PTM-8522,2023-11-13,13:14:26
JZG-507228,PTS-9693,2023-06-18,07:06:17
OZI-617323,PUT-4356,2024-02-26,02:07:24
UXE-483841,PUX-0387,2023-07-04,09:38:40
PUQ-828478,PWA-8205,2023-07-10,13:19:55
RUL-683242,PYQ-6330,2023-10-18,14:33:56
DTI-305230,PZP-6121,2024-01-21,02:29:26
KGG-803141,PZP-9885,2023-11-02,09:10:39
NNM-676384,PZW-0465,2024-01-20,12:47:01
EBR-928685,QAU-0445,2023-10-09,10:32:22
GHE-490824,QBS-8516,2024-02-12,16:28:12
TWY-879433,QCL-5401,2023-11-25,18:29:19
YKJ-535423,QCY-3908,2023-06-15,14:28:43
DNZ-985662,QDN-8727,2024-03-30,15:41:59
SNS-346174,QHL-5554,2023-10-26,16:11:15
PKR-828493,QHZ-0354,2023-12-23,18:18:37
XYD-501962,QII-7351,2023-11-18,13:37:14
EBM-684798,QJK-8057,2024-01-31,01:34:08
YSV-090205,QKI-3993,2023-06-20,23:17:09
ZKK-621990,QKK-8553,2024-03-04,18:04:40
SFL-027824,QLV-5364,2023-09-02,06:33:31
VVN-772808,QNI-4710,2023-10-26,02:20:56
DKU-027731,QPB-6512,2023-12-10,14:06:23
IDH-293163,QPC-3077,2024-01-25,07:48:10
IDY-986078,QRG-8176,2024-01-03,13:25:11
TOZ-957383,QRI-9809,2024-01-16,08:14:41
JNU-552791,QRV-6446,2024-02-15,04:45:29
DDE-026945,QRX-1303,2023-10-30,18:17:34
NLL-457713,QSC-8237,2023-12-21,13:00:09
LGS-825418,QST-2207,2023-06-27,19:40:34
UNM-955352,QVQ-6541,2023-09-21,16:39:49
UAK-990112,QWR-4929,2023-10-19,01:47:46
CHJ-683430,QXS-0705,2023-08-11,04:27:48
WSU-298412,QYJ-9503,2023-06-22,13:22:40
DBM-921837,QZN-5035,2023-12-10,12:23:05
ERG-845937,RAK-4551,2023-11-17,18:01:28
XFS-659825,RAZ-0387,2023-06-09,09:31:18
TYC-761599,RAZ-3355,2024-02-04,16:39:10
LSE-482406,RBZ-8552,2023-08-13,18:53:18
HPA-971297,RCE-3542,2023-10-22,19:44:05
ZZE-133846,RCM-0265,2023-06-19,02:23:16
IIV-019979,RDD-9168,2023-12-24,05:19:47
HJM-232600,RDG-6097,2023-11-18,22:28:18
JVU-340674,RDH-0351,2023-06-17,17:52:58
TXX-759604,REU-2452,2023-10-12,00:05:59
DUE-063775,RFB-3741,2023-10-18,00:17:02
PCR-032146,RFF-4411,2023-08-03,17:18:40
DIP-742540,RFF-9168,2024-03-17,14:39:58
AFN-245489,RFK-2498,2023-09-16,06:42:34
POJ-544931,RFV-4815,2023-07-28,07:50:53
IEA-611145,RFV-6162,2023-08-09,11:48:20
JUY-648409,RGU-4033,2024-03-12,23:12:16
QNX-087173,RLG-6524,2023-10-20,06:18:23
VHE-416819,RLX-0529,2024-03-07,14:03:38
TJM-229481,RME-9083,2024-02-15,07:18:56
DXV-241713,RMF-3837,2023-10-09,00:22:51
WDE-448863,RND-8136,2023-07-23,11:09:00
XPG-342411,RNN-4827,2023-12-26,14:21:16
GNT-729252,ROG-1850,2024-02-04,06:13:27
UXD-246441,RON-6290,2023-06-20,04:15:54
BFO-083439,ROO-2257,2023-07-02,11:46:18
KCH-954982,ROO-7767,2024-01-29,01:54:02
VZS-957323,RPT-5071,2023-12-09,08:39:25
QYO-296593,RRF-3577,2023-11-07,04:25:42
DBV-344517,RRI-6548,2024-02-29,20:41:11
WQV-661064,RRU-8819,2024-03-24,19:41:00
HLG-207968,RTA-7469,2023-09-24,18:29:45
TSU-602165,RTU-9028,2023-10-23,08:00:01
BTY-178739,RUZ-0662,2024-01-23,17:08:43
ZOA-726190,RVA-1788,2023-10-27,04:27:42
NDE-597662,RWO-9305,2023-09-03,04:48:44
PCU-750340,RXM-9019,2023-11-07,22:32:26
TDG-888609,RXR-3601,2023-11-12,15:08:39
AFM-985663,RXV-2699,2023-12-26,20:11:00
CSJ-896448,RXY-5632,2023-09-22,05:59:37
SQA-815848,RZZ-8106,2023-11-24,00:06:51
GKV-379980,SBX-3844,2024-03-30,10:27:07
RGI-644901,SDP-9896,2023-10-29,03:24:21
PNC-850982,SDW-6242,2023-08-15,16:19:56
UGX-615993,SFM-7014,2023-12-02,20:53:15
THD-916069,SGC-1029,2023-11-22,00:52:18
TWA-702821,SGM-3696,2024-02-24,03:08:53
IWD-207841,SGQ-2941,2023-10-29,15:11:39
QNS-942461,SHF-1122,2023-09-22,12:50:31
XQC-630483,SHU-6099,2024-03-31,17:09:15
OUZ-848632,SIP-0252,2024-02-21,14:56:54
OLE-518691,SIY-5116,2023-08-01,17:30:59
WSR-717038,SJP-5455,2023-06-23,04:43:11
NSH-861830,SKB-7912,2023-11-17,14:38:52
PCA-375729,SOE-8817,2023-07-03,01:08:28
NEV-413430,SOY-1568,2024-03-02,13:07:36
WJD-314780,SPQ-3607,2023-07-06,12:58:00
WWY-010360,SQI-0943,2023-09-13,18:26:49
BHC-757873,SRF-6295,2023-12-08,14:13:23
QSH-836089,SRO-7013,2023-09-15,20:05:54
AWK-892198,STE-9621,2023-11-01,20:30:57
GVT-030012,STZ-3519,2023-09-10,23:46:12
XCH-260807,SUG-5515,2023-06-23,09:29:23
ZIQ-881686,SUH-0919,2023-07-21,15:26:21
WIV-500982,SUK-2495,2024-02-12,20:35:06
HAY-997093,SUW-8327,2023-06-20,12:59:15
STY-743553,SVO-3881,2024-02-21,10:24:45
HKR-159995,SWA-9773,2023-11-19,15:17:17
ZGL-402470,SWO-1824,2023-06-05,21:33:15
GCI-818964,SZS-1998,2023-06-17,04:24:21
YQW-859185,TAB-9077,2023-10-15,23:42:54
TIL-435638,TAR-9096,2024-02-03,06:24:37
KSH-936166,TBD-1145,2023-11-11,15:48:54
PJV-502688,TBI-8337,2023-07-14,08:07:03
XTM-849455,TBZ-9592,2023-06-30,20:36:42
IXX-310725,TCE-9588,2023-09-21,06:04:57
PNJ-273646,TCY-6908,2024-02-01,15:38:51
SKA-489355,TDJ-9514,2023-11-13,23:29:00
CDR-762500,TFK-2996,2023-09-21,06:34:53
OUG-738648,TGV-7346,2024-02-22,02:35:27
SHX-170706,THX-6491,2023-10-22,17:56:20
XDA-499447,TJG-9621,2023-09-07,13:10:11
FPI-288137,TJO-6775,2023-09-02,02:11:04
QXX-640270,TKJ-3825,2023-07-15,02:17:10
LDH-150766,TKW-1851,2023-12-12,11:57:49
VYR-851249,TLD-4686,2024-03-11,12:06:53
SGT-335291,TLP-5021,2023-10-13,16:38:48
URW-768661,TLU-9903,2024-02-14,15:55:42
MUQ-713530,TNS-5027,2023-11-18,22:42:43
IQJ-060095,TOJ-6235,2023-08-17,17:21:10
YRH-975640,TOM-0982,2023-06-29,13:51:31
QCC-938116,TOY-4907,2023-07-24,21:31:14
NCJ-660995,TPB-5550,2024-03-14,06:47:39
IBR-903537,TPG-7907,2023-08-15,02:16:50
RAM-639336,TPI-3119,2023-07-22,02:01:13
AEI-273727,TPK-3654,2023-10-28,11:56:56
IOG-803646,TQI-2539,2023-10-16,19:25:45
KMB-386303,TQR-2591,2023-07-15,01:31:34
YKD-476603,TQU-1773,2023-07-03,18:04:32
IAW-344713,TRI-1021,2023-10-23,12:49:47
MMA-362439,TSJ-9275,2023-06-06,18:37:32
SMV-581514,TSJ-9470,2023-08-30,16:39:37
MTT-460907,TSX-0516,2023-09-19,15:57:58
PLY-783193,TTS-4559,2023-06-07,03:47:16
HQI-967916,TUB-5162,2023-07-20,10:11:25
KUC-815496,TUM-9236,2023-06-21,04:52:48
HGD-993597,TUZ-7078,2023-09-21,04:40:56
SWE-094302,TVL-8867,2023-07-06,13:16:09
NDM-468372,TWK-7088,2024-01-19,01:15:40
ZOJ-272868,TWP-0585,2024-02-20,07:09:28
EAR-571864,TXL-8900,2023-07-28,02:01:51
HAZ-413755,TXO-9519,2024-01-02,20:51:54
HNV-621950,TXQ-9642,2023-07-06,05:25:35
UWV-704257,TXW-8992,2023-10-14,08:35:02
WWB-726945,TYJ-7462,2023-11-12,16:14:42
KTQ-758467,TZE-3787,2023-11-15,05:59:49
NHX-019554,TZH-3521,2023-11-27,22:16:52
KWJ-817637,TZR-6541,2023-08-14,02:59:39
WYX-857320,UAU-0880,2024-02-23,19:46:40
NBY-269126,UBI-6456,2023-07-07,03:16:46
YVA-755384,UCQ-6942,2023-09-22,23:27:41
CNR-319085,UEV-5918,2023-09-24,08:44:08
AAV-811597,UFQ-2497,2023-08-24,23:01:07
VQB-610499,UGJ-3554,2023-06-10,23:09:24
CYZ-089646,UHF-7702,2023-08-30,20:27:46
CKS-651597,UIG-0377,2023-12-12,13:16:46
OAH-008479,UII-8472,2023-06-04,00:39:57
XAE-102828,UIJ-1625,2023-06-09,12:48:54
OCE-829507,UIR-4781,2023-09-18,11:46:53
LSC-326400,UIZ-3238,2023-08-27,09:01:22
ELJ-949146,UIZ-9182,2023-11-19,11:35:29
KUP-511899,UJK-5973,2023-10-15,03:26:26
YSN-935281,UKG-3618,2023-10-21,07:48:13
SGK-170452,UMP-1437,2023-08-31,01:22:27
TBO-663785,UMV-0238,2023-09-17,20:14:37
EYM-781939,UNA-8721,2023-07-05,07:26:27
TXU-358191,UNH-6202,2023-11-24,14:31:29
JHL-774493,UNK-0122,2023-07-27,19:33:15
CDG-552933,UOB-1578,2023-08-26,16:22:45
EOJ-993108,UPK-7367,2023-09-20,01:50:01
QUO-529596,UPW-9035,2024-01-07,11:07:17
EOO-215153,UQO-1158,2024-02-02,15:30:33
QSV-428171,URU-6635,2024-03-26,01:17:37
LUN-970226,URY-9906,2023-07-20,01:55:48
QDT-228954,UUC-7628,2023-10-28,19:35:46
SKZ-386472,UWN-6914,2023-07-19,03:53:45
JZC-811960,UWS-4400,2023-12-05,11:45:50
PGL-068479,UWZ-6740,2023-07-30,22:00:49
ZEY-316770,UXP-9171,2023-09-28,00:52:50
UKN-865673,UXQ-7218,2024-02-05,23:14:38
ETY-595383,UXQ-8211,2024-01-23,05:01:57
CYE-933182,UYQ-9775,2024-02-15,22:17:10
YRP-581227,UZR-4272,2024-03-10,14:59:52
MHG-181819,UZV-6362,2023-07-18,16:43:58
FBO-637431,VAH-6164,2023-11-29,23:36:17
PZO-664386,VBG-1105,2023-12-25,12:44:08
AZK-912102,VDG-5875,2023-08-30,10:03:35
JCH-246189,VDI-4842,2023-08-13,07:34:46
KCL-038776,VDL-8094,2024-03-29,23:37:50
VVK-862320,VEB-4736,2023-07-05,05:21:59
TPH-424017,VFH-9229,2023-11-20,02:43:23
SHH-945891,VFJ-8633,2023-07-04,13:46:29
GNU-046202,VFS-7706,2023-10-27,18:39:15
RMP-855482,VGE-2053,2023-12-08,18:07:23
KFK-447224,VGV-1683,2023-08-15,18:12:48
NCJ-372359,VHA-3254,2024-02-21,23:45:41
IHJ-839683,VIB-5923,2023-07-12,10:31:37
TKA-670450,VIP-4184,2023-06-22,07:45:08
NFJ-530249,VIQ-6637,2023-09-04,04:43:35
NJB-471080,VJA-5125,2023-10-11,06:56:53
WFV-959349,VKO-1170,2023-10-06,08:29:18
FEU-455549,VLB-1341,2024-02-24,13:25:07
BCQ-361128,VLG-8667,2024-02-18,13:41:37
YER-091870,VLP-0400,2023-10-07,08:39:10
IVM-858422,VMH-7052,2024-02-18,19:14:29
ZLC-465651,VMJ-6126,2023-06-06,20:31:35
SDO-271557,VML-1083,2023-07-25,04:09:37
KEJ-972435,VNM-6004,2023-12-23,21:38:24
BFG-852298,VNV-5310,2024-03-14,07:30:29
XWW-634817,VOA-9702,2023-09-03,07:32:12
XWN-045767,VOF-5799,2023-12-21,06:21:03
SSX-247684,VON-3925,2023-06-07,03:17:18
XWH-568549,VOP-3852,2023-11-16,17:31:46
XZR-964096,VOY-8604,2023-06-09,14:29:11
UWY-893551,VQO-5325,2023-06-04,19:54:01
SEY-823182,VRW-7947,2023-07-09,07:07:02
FKC-624357,VRZ-1065,2023-10-26,23:12:03
MGZ-024761,VSZ-4725,2024-02-10,17:44:12
RNA-358191,VUW-7417,2023-12-27,20:03:55
ZYX-588610,VVI-8629,2023-09-25,03:58:50
XFK-465296,VVK-6825,2024-02-12,06:32:15
CRK-568720,VVN-7318,2023-12-05,08:07:05
HVB-662099,VWI-7704,2023-10-16,05:31:03
MXI-846255,VWL-7136,2024-01-10,16:14:02
XQG-106530,VWV-1452,2023-07-10,15:14:17
VDG-118470,VYN-2794,2024-02-19,12:35:27
IHQ-442297,WAU-9972,2024-01-14,16:58:26
PSW-774584,WBF-7887,2024-01-30,09:03:19
PIL-223915,WDI-6332,2023-07-13,03:01:33
GAX-212862,WEP-6374,2023-06-17,04:04:24
JGT-499978,WER-0890,2023-11-01,13:01:37
RLP-107107,WFX-6429,2023-07-11,15:52:29
RBE-500198,WHF-9897,2023-09-26,09:46:48
UUN-618624,WJA-3633,2023-08-28,00:40:57
CIK-930651,WLN-1161,2024-03-27,09:41:35
XXY-039671,WNQ-8617,2023-12-31,12:37:09
TGQ-380347,WNY-9500,2024-03-18,13:11:52
SZX-303096,WOP-3949,2023-08-31,11:57:02
DQN-479780,WOU-8065,2024-03-03,05:21:13
ILV-164549,WPX-5587,2023-10-17,15:40:53
NDJ-283528,WQC-0011,2023-12-05,20:03:00
MZL-062328,WQI-1305,2024-01-07,14:03:54
KKN-618073,WQQ-1301,2024-01-12,00:45:13
CNC-609407,WRX-2719,2023-11-22,09:46:12
RFU-979179,WRX-4998,2023-11-20,02:26:32
ZYY-392775,WUO-6020,2023-06-12,08:09:43
NHZ-989928,WUT-4777,2024-03-21,20:51:11
OGB-016795,WWL-3437,2023-07-17,05:15:23
ZVA-397586,WWV-3023,2023-09-22,00:05:52
DMF-158904,WXK-6042,2023-08-28,23:17:57
BYK-044891,WXY-0364,2023-07-01,22:28:10
SAI-573304,WYM-7935,2023-08-16,15:02:18
VXE-427132,WZA-5432,2023-08-11,01:04:44
MND-815338,XBO-1799,2024-03-12,18:03:01
NFQ-005483,XBT-1313,2024-03-29,20:27:05
RIJ-827081,XBV-9213,2023-10-10,02:25:04
VOO-529760,XCT-1654,2024-02-25,00:48:09
UWL-815343,XEK-5649,2024-02-23,11:59:34
PED-212064,XEQ-0418,2023-06-17,10:00:07
KYG-320709,XEU-3398,2024-02-24,17:53:27
PZW-645521,XFT-2742,2023-10-24,08:09:02
QKG-498924,XGI-5096,2024-03-07,02:34:30
CEL-404470,XGN-3695,2023-10-13,14:14:32
SGO-804516,XGN-7602,2023-11-25,13:30:21
DCW-290900,XHE-3246,2024-01-18,00:56:49
EZB-570773,XHH-1382,2023-08-23,01:17:10
ELY-936631,XHP-2877,2023-11-23,06:52:27
OBD-792670,XJP-3332,2023-08-22,23:45:48
CHP-171033,XKC-1615,2023-07-09,02:34:19
IJE-041378,XKO-4542,2023-12-19,19:37:40
CPC-861391,XLU-7265,2024-01-15,15:34:50
YYW-103683,XMC-1365,2023-11-04,08:08:41
YTV-538557,XMY-4508,2023-10-17,17:34:42
KJN-565158,XNR-3363,2024-01-02,19:47:20
DSG-724870,XPK-0662,2023-07-10,01:48:52
PZN-877594,XPN-8906,2023-08-11,22:59:01
ZOD-460303,XPV-0396,2023-07-19,09:56:58
DET-016141,XQL-9786,2023-09-20,13:54:52
VGI-806864,XQV-7412,2024-03-14,20:00:35
JDI-480665,XRQ-4139,2023-06-12,14:19:20
SMP-271058,XSH-6119,2023-11-12,14:59:16
NUP-467163,XSP-4248,2023-06-27,06:53:13
NPU-842468,XTT-0181,2024-03-20,19:31:17
WED-601647,XUC-7103,2023-11-18,11:56:06
BWI-473777,XUN-6925,2023-06-28,22:59:11
XEM-599971,XVQ-4656,2023-06-23,08:05:32
GBV-501550,XXD-6236,2023-09-09,23:49:07
WMA-480722,XYE-0700,2023-12-08,10:33:35
EYM-337922,XYV-1310,2023-11-09,18:58:52
QER-041979,XZO-4392,2024-03-02,22:52:16
HHB-758631,XZQ-1665,2023-11-14,11:57:54
QVX-832230,YBL-3118,2023-08-23,18:59:21
REY-654180,YBU-9584,2024-03-04,21:04:01
NOE-160665,YCC-0439,2023-12-12,05:30:22
YZD-222693,YDO-7129,2023-06-24,16:53:53
JXM-797335,YDV-3199,2023-07-18,02:48:02
WJO-070604,YFL-4238,2023-06-18,04:41:04
RWZ-443315,YGC-4558,2023-07-02,00:34:22
UXF-637824,YIM-0687,2024-03-24,12:26:02
VTB-943099,YIM-8250,2023-08-30,03:51:59
VBQ-493117,YIW-5761,2024-03-30,12:28:00
PFK-881274,YJR-9978,2023-12-31,07:47:46
WLM-083065,YKA-9931,2024-01-07,06:00:29
QCA-000368,YMX-8851,2024-01-19,10:19:44
IET-001892,YNM-5433,2024-03-03,14:57:10
BRJ-095063,YNW-3571,2023-10-01,18:29:01
WWO-276310,YOC-0247,2024-03-18,06:55:32
KMN-872294,YOF-9894,2023-08-11,08:39:36
UDU-506663,YOK-4181,2023-10-04,20:20:43
FJP-456482,YQJ-6325,2023-08-19,05:14:05
MLN-623768,YQN-9594,2024-02-20,11:22:07
GTV-774635,YQQ-7447,2023-09-26,12:14:34
VQM-863701,YQR-9878,2023-10-31,12:00:34
DJP-940258,YUB-4756,2024-03-13,00:24:00
FQP-531238,YUF-4771,2023-11-11,20:33:07
BYN-067360,YVL-8635,2024-01-06,15:38:11
LAN-477575,YVU-5428,2023-12-15,00:11:47
FVM-526944,YWF-7916,2023-10-04,21:43:41
GHD-688997,YXF-0372,2024-03-28,20:27:00
OGQ-588432,YXO-9163,2023-09-30,20:20:53
TBE-258248,YXW-9756,2024-02-24,06:51:41
NLP-874553,YYC-3431,2023-07-27,03:58:00
REV-258994,YYX-3472,2024-02-03,05:53:51
LGZ-339801,YZH-3123,2023-07-26,01:01:30
QRA-371815,YZL-3845,2023-06-30,01:05:21
GZB-482209,YZL-8710,2023-07-07,05:53:04
RNN-548824,YZO-1113,2023-11-12,02:15:39
ZZA-865428,YZQ-5990,2024-03-14,04:36:01
LTM-193161,ZAD-8512,2024-03-09,01:44:38
MOC-450422,ZAL-4589,2024-03-16,07:00:37
FDP-672192,ZAY-8208,2023-10-06,00:33:42
KHI-946784,ZBT-1284,2023-07-02,06:49:31
DOD-041644,ZDB-0472,2024-03-01,23:50:47
EEZ-729587,ZEF-4010,2023-11-24,02:27:10
YFL-541987,ZEQ-6800,2023-12-01,22:05:45
KNW-589187,ZFE-7629,2023-08-27,00:13:25
GNJ-254230,ZFP-7169,2023-06-30,00:13:07
EWC-484179,ZHV-3341,2023-06-10,03:15:16
URC-242517,ZIL-4464,2023-10-17,10:51:01
XCX-930363,ZJK-0381,2023-11-28,06:25:30
WRN-781190,ZJN-2282,2024-03-25,17:04:01
CSJ-414604,ZJX-3681,2023-09-23,16:16:46
CZX-053216,ZLO-1790,2024-03-30,23:42:42
SXQ-314903,ZMR-5549,2024-02-16,23:14:05
WBN-197815,ZOK-1372,2023-09-09,01:03:15
KOD-250927,ZOU-9350,2023-11-04,00:48:03
ZFG-852573,ZPT-5293,2023-10-27,03:19:48
GZJ-045873,ZQS-3873,2023-08-12,01:58:58
JHF-969302,ZRB-5323,2024-03-16,21:25:47
DFI-265197,ZTR-2124,2024-01-17,14:33:28
URN-239676,ZTU-6951,2023-09-01,18:47:37
HZB-643940,ZUL-6722,2023-12-24,05:19:44
JHE-382199,ZVR-7912,2023-10-19,09:39:31
WDD-176260,ZVW-3335,2023-10-20,02:38:10
UQX-519583,ZWE-9851,2024-02-22,11:17:37
MXB-280767,ZWI-5447,2024-03-07,16:37:38
ULO-939758,ZXM-7597,2024-02-13,21:04:21
XTK-116593,ZYE-0405,2023-08-31,21:40:04
WDD-451993,ZYW-8221,2024-03-23,06:48:06
EMQ-466491,ZZT-1200,2023-07-16,01:45:31
